nodes,weights,pair,hops,algorithm,cost,exact_cost,gap_pct,seconds,dimension
40,time,0,5,dijkstra,11.86939296693261,11.86939296693261,0.0,0.000414699999964796,0
40,time,0,5,qpso,11.86939296693261,11.86939296693261,0.0,0.08098740000423277,16
40,time,0,5,qpso cold,11.86939296693261,11.86939296693261,0.0,0.09082689999922877,16
40,time,0,5,qpso big,11.86939296693261,11.86939296693261,0.0,0.38919259999966016,16
40,time,0,5,pso,11.86939296693261,11.86939296693261,0.0,0.07463239999924554,16
40,time,0,5,ga,11.86939296693261,11.86939296693261,0.0,0.34062640000047395,16
40,time,1,10,dijkstra,23.463666146691182,23.463666146691182,0.0,0.0008318000036524609,0
40,time,1,10,qpso,23.463666146691182,23.463666146691182,0.0,0.13384019999648444,39
40,time,1,10,qpso cold,23.625770969098504,23.463666146691182,0.6908759330015521,0.16052650000347057,39
40,time,1,10,qpso big,23.463666146691182,23.463666146691182,0.0,0.7179012000051443,39
40,time,1,10,pso,23.625770969098504,23.463666146691182,0.6908759330015521,0.11591419999604113,39
40,time,1,10,ga,23.625770969098504,23.463666146691182,0.6908759330015521,0.410642499999085,39
40,time,2,8,dijkstra,21.56826228437056,21.56826228437056,0.0,0.0004456000024219975,0
40,time,2,8,qpso,21.56826228437056,21.56826228437056,0.0,0.13724209999782033,23
40,time,2,8,qpso cold,21.56826228437056,21.56826228437056,0.0,0.13726470000256086,23
40,time,2,8,qpso big,21.56826228437056,21.56826228437056,0.0,0.5721310000008089,23
40,time,2,8,pso,21.56826228437056,21.56826228437056,0.0,0.11330489999818383,23
40,time,2,8,ga,21.56826228437056,21.56826228437056,0.0,0.4364784999997937,23
40,time,3,6,dijkstra,17.41017064437348,17.41017064437348,0.0,0.0009439999994356185,0
40,time,3,6,qpso,17.41017064437348,17.41017064437348,0.0,0.11584020000009332,21
40,time,3,6,qpso cold,17.41017064437348,17.41017064437348,0.0,0.1138760000030743,21
40,time,3,6,qpso big,17.41017064437348,17.41017064437348,0.0,0.4301911999937147,21
40,time,3,6,pso,17.41017064437348,17.41017064437348,0.0,0.09217699999862816,21
40,time,3,6,ga,17.54926854776709,17.41017064437348,0.7989462380057993,0.3399021000004723,21
40,time,4,5,dijkstra,20.978060625247572,20.978060625247572,0.0,0.0008645999987493269,0
40,time,4,5,qpso,20.978060625247572,20.978060625247572,0.0,0.09962760000053095,26
40,time,4,5,qpso cold,20.978060625247572,20.978060625247572,0.0,0.10369920000084676,26
40,time,4,5,qpso big,20.978060625247572,20.978060625247572,0.0,0.6126915999993798,26
40,time,4,5,pso,20.978060625247572,20.978060625247572,0.0,0.08956939999916358,26
40,time,4,5,ga,20.978060625247572,20.978060625247572,0.0,0.32424100000207545,26
40,time,5,4,dijkstra,13.180171045923514,13.180171045923514,0.0,0.000721100004739128,0
40,time,5,4,qpso,13.180171045923514,13.180171045923514,0.0,0.08962710000196239,18
40,time,5,4,qpso cold,13.180171045923514,13.180171045923514,0.0,0.1342616000038106,18
40,time,5,4,qpso big,13.180171045923514,13.180171045923514,0.0,0.45817389999865554,18
40,time,5,4,pso,13.180171045923514,13.180171045923514,0.0,0.08841080000274815,18
40,time,5,4,ga,13.180171045923514,13.180171045923514,0.0,0.39123860000108834,18
40,time,6,8,dijkstra,18.83437451360923,18.83437451360923,0.0,0.00046579999616369605,0
40,time,6,8,qpso,18.83437451360923,18.83437451360923,0.0,0.16158700000232784,40
40,time,6,8,qpso cold,18.83437451360923,18.83437451360923,0.0,0.14394850000098813,40
40,time,6,8,qpso big,18.83437451360923,18.83437451360923,0.0,0.7409006999951089,40
40,time,6,8,pso,18.83437451360923,18.83437451360923,0.0,0.12701189999643248,40
40,time,6,8,ga,18.83437451360923,18.83437451360923,0.0,0.35930999999982305,40
40,time,7,6,dijkstra,16.097195577464674,16.097195577464674,0.0,0.0005911999978707172,0
40,time,7,6,qpso,16.097195577464674,16.097195577464674,0.0,0.1425454999989597,27
40,time,7,6,qpso cold,16.097195577464674,16.097195577464674,0.0,0.15788210000027902,27
40,time,7,6,qpso big,16.097195577464674,16.097195577464674,0.0,0.7723621000041021,27
40,time,7,6,pso,16.097195577464674,16.097195577464674,0.0,0.14849300000059884,27
40,time,7,6,ga,16.152703361961127,16.097195577464674,0.3448289127713683,0.33466430000407854,27
40,time,8,5,dijkstra,11.390682111013192,11.390682111013192,0.0,0.00014290000399341807,0
40,time,8,5,qpso,11.390682111013192,11.390682111013192,0.0,0.09123050000198418,12
40,time,8,5,qpso cold,11.390682111013192,11.390682111013192,0.0,0.07826119999663206,12
40,time,8,5,qpso big,11.390682111013192,11.390682111013192,0.0,0.32934840000234544,12
40,time,8,5,pso,11.390682111013192,11.390682111013192,0.0,0.06490450000273995,12
40,time,8,5,ga,11.390682111013192,11.390682111013192,0.0,0.3203025000038906,12
40,time,9,7,dijkstra,23.796687501475823,23.796687501475823,0.0,0.00018089999502990395,0
40,time,9,7,qpso,24.588624968206286,23.796687501475823,3.327931531148395,0.18009790000360226,34
40,time,9,7,qpso cold,24.588624968206286,23.796687501475823,3.327931531148395,0.16252990000066347,34
40,time,9,7,qpso big,23.796687501475823,23.796687501475823,0.0,0.6647005999984685,34
40,time,9,7,pso,23.796687501475823,23.796687501475823,0.0,0.11937119999493007,34
40,time,9,7,ga,24.96878751264951,23.796687501475823,4.9254754935996665,0.4457752000016626,34
40,time,10,4,dijkstra,11.321284874087489,11.321284874087489,0.0,0.00013480000052368268,0
40,time,10,4,qpso,11.321284874087489,11.321284874087489,0.0,0.09832359999563778,17
40,time,10,4,qpso cold,11.321284874087489,11.321284874087489,0.0,0.09152200000244193,17
40,time,10,4,qpso big,11.321284874087489,11.321284874087489,0.0,0.42760290000296663,17
40,time,10,4,pso,11.483560837952613,11.321284874087489,1.4333705552851708,0.08841240000037942,17
40,time,10,4,ga,11.321284874087489,11.321284874087489,0.0,0.3337792000020272,17
40,time,11,6,dijkstra,19.883890687957443,19.883890687957443,0.0,0.0001534000039100647,0
40,time,11,6,qpso,19.883890687957443,19.883890687957443,0.0,0.11190890000580112,31
40,time,11,6,qpso cold,19.883890687957443,19.883890687957443,0.0,0.0958731999999145,31
40,time,11,6,qpso big,19.883890687957443,19.883890687957443,0.0,0.7630148000025656,31
40,time,11,6,pso,19.883890687957443,19.883890687957443,0.0,0.10107759999664268,31
40,time,11,6,ga,19.883890687957443,19.883890687957443,0.0,0.35069819999625906,31
40,time,12,6,dijkstra,19.47117114671284,19.47117114671284,0.0,0.000225499999942258,0
40,time,12,6,qpso,19.47117114671284,19.47117114671284,0.0,0.10055649999412708,20
40,time,12,6,qpso cold,19.47117114671284,19.47117114671284,0.0,0.10396839999884833,20
40,time,12,6,qpso big,19.47117114671284,19.47117114671284,0.0,0.7138435999950161,20
40,time,12,6,pso,19.47117114671284,19.47117114671284,0.0,0.09893190000002505,20
40,time,12,6,ga,19.47117114671284,19.47117114671284,0.0,0.41205810000246856,20
40,time,13,4,dijkstra,14.414872102574758,14.414872102574758,0.0,0.00014139999984763563,0
40,time,13,4,qpso,14.414872102574758,14.414872102574758,0.0,0.1020490000009886,19
40,time,13,4,qpso cold,14.414872102574758,14.414872102574758,0.0,0.08230249999905936,19
40,time,13,4,qpso big,14.414872102574758,14.414872102574758,0.0,0.41419740000128513,19
40,time,13,4,pso,14.414872102574758,14.414872102574758,0.0,0.06593579999753274,19
40,time,13,4,ga,14.414872102574758,14.414872102574758,0.0,0.3072145000041928,19
40,time,14,8,dijkstra,19.05856399748403,19.05856399748403,0.0,0.00017559999832883477,0
40,time,14,8,qpso,19.05856399748403,19.05856399748403,0.0,0.11194490000343649,19
40,time,14,8,qpso cold,19.05856399748403,19.05856399748403,0.0,0.1423330999969039,19
40,time,14,8,qpso big,19.05856399748403,19.05856399748403,0.0,0.6395917000045301,19
40,time,14,8,pso,19.05856399748403,19.05856399748403,0.0,0.11267420000513084,19
40,time,14,8,ga,19.05856399748403,19.05856399748403,0.0,0.3750925999993342,19
40,time,15,5,dijkstra,10.054950137231058,10.054950137231058,0.0,9.680000221123919e-05,0
40,time,15,5,qpso,10.054950137231058,10.054950137231058,0.0,0.1107826000006753,21
40,time,15,5,qpso cold,10.054950137231058,10.054950137231058,0.0,0.13683360000140965,21
40,time,15,5,qpso big,10.054950137231058,10.054950137231058,0.0,0.4180964000042877,21
40,time,15,5,pso,10.054950137231058,10.054950137231058,0.0,0.07761509999545524,21
40,time,15,5,ga,10.054950137231058,10.054950137231058,0.0,0.30501509999885457,21
40,time,16,10,dijkstra,26.277174737450807,26.277174737450807,0.0,0.0002308000039192848,0
40,time,16,10,qpso,26.277174737450807,26.277174737450807,0.0,0.16423539999959758,39
40,time,16,10,qpso cold,26.277174737450807,26.277174737450807,0.0,0.1988495999976294,39
40,time,16,10,qpso big,26.43927955985813,26.277174737450807,0.6169035447189332,0.6350727000026382,39
40,time,16,10,pso,26.277174737450807,26.277174737450807,0.0,0.12990200000058394,39
40,time,16,10,ga,26.43927955985813,26.277174737450807,0.6169035447189332,0.3672660000011092,39
40,time,17,6,dijkstra,14.810684810759394,14.810684810759394,0.0,0.00011719999747583643,0
40,time,17,6,qpso,14.810684810759394,14.810684810759394,0.0,0.10307520000060322,15
40,time,17,6,qpso cold,14.810684810759394,14.810684810759394,0.0,0.10929429999669082,15
40,time,17,6,qpso big,14.810684810759394,14.810684810759394,0.0,0.3841099999990547,15
40,time,17,6,pso,14.810684810759394,14.810684810759394,0.0,0.08781440000166185,15
40,time,17,6,ga,14.810684810759394,14.810684810759394,0.0,0.33825500000239117,15
40,time,18,4,dijkstra,10.344443783364754,10.344443783364754,0.0,9.219999628840014e-05,0
40,time,18,4,qpso,10.344443783364754,10.344443783364754,0.0,0.05900439999822993,10
40,time,18,4,qpso cold,10.344443783364754,10.344443783364754,0.0,0.0669283999959589,10
40,time,18,4,qpso big,10.344443783364754,10.344443783364754,0.0,0.27897590000065975,10
40,time,18,4,pso,10.344443783364754,10.344443783364754,0.0,0.04944489999616053,10
40,time,18,4,ga,10.344443783364754,10.344443783364754,0.0,0.3612769000028493,10
40,time,19,5,dijkstra,15.283280692053719,15.283280692053719,0.0,0.00019769999926211312,0
40,time,19,5,qpso,15.283280692053719,15.283280692053719,0.0,0.12330130000191275,20
40,time,19,5,qpso cold,15.283280692053719,15.283280692053719,0.0,0.15328520000184653,20
40,time,19,5,qpso big,15.283280692053719,15.283280692053719,0.0,0.6059772999942652,20
40,time,19,5,pso,15.283280692053719,15.283280692053719,0.0,0.11386379999748897,20
40,time,19,5,ga,15.283280692053719,15.283280692053719,0.0,0.3424633000031463,20
40,time,20,6,dijkstra,17.38622129407297,17.38622129407297,0.0,0.00010299999848939478,0
40,time,20,6,qpso,17.38622129407297,17.38622129407297,0.0,0.0904140999991796,19
40,time,20,6,qpso cold,17.38622129407297,17.38622129407297,0.0,0.10317180000129156,19
40,time,20,6,qpso big,17.38622129407297,17.38622129407297,0.0,0.4622218000004068,19
40,time,20,6,pso,17.38622129407297,17.38622129407297,0.0,0.13175829999818234,19
40,time,20,6,ga,17.38622129407297,17.38622129407297,0.0,0.33035689999815077,19
40,time,21,6,dijkstra,15.635478775391896,15.635478775391896,0.0,0.00018899999849963933,0
40,time,21,6,qpso,15.635478775391896,15.635478775391896,0.0,0.1157152000014321,28
40,time,21,6,qpso cold,15.635478775391896,15.635478775391896,0.0,0.12427250000473578,28
40,time,21,6,qpso big,15.635478775391896,15.635478775391896,0.0,0.5209345999974175,28
40,time,21,6,pso,15.635478775391896,15.635478775391896,0.0,0.08166000000346685,28
40,time,21,6,ga,15.635478775391896,15.635478775391896,0.0,0.34458810000069207,28
40,time,22,8,dijkstra,18.83437451360923,18.83437451360923,0.0,0.00021230000129435211,0
40,time,22,8,qpso,18.83437451360923,18.83437451360923,0.0,0.2212599999984377,40
40,time,22,8,qpso cold,18.83437451360923,18.83437451360923,0.0,0.28012239999952726,40
40,time,22,8,qpso big,18.83437451360923,18.83437451360923,0.0,0.6644507000019075,40
40,time,22,8,pso,18.83437451360923,18.83437451360923,0.0,0.28306110000266926,40
40,time,22,8,ga,18.83437451360923,18.83437451360923,0.0,0.4821139999985462,40
40,time,23,5,dijkstra,16.57400327115776,16.57400327115776,0.0,0.00016899999900488183,0
40,time,23,5,qpso,16.57400327115776,16.57400327115776,0.0,0.11809720000019297,13
40,time,23,5,qpso cold,16.57400327115776,16.57400327115776,0.0,0.11873280000145314,13
40,time,23,5,qpso big,16.57400327115776,16.57400327115776,0.0,0.458455200001481,13
40,time,23,5,pso,16.57400327115776,16.57400327115776,0.0,0.10014620000583818,13
40,time,23,5,ga,16.57400327115776,16.57400327115776,0.0,0.30455670000083046,13
40,time,24,8,dijkstra,19.49705986804522,19.49705986804522,0.0,0.00020590000349329785,0
40,time,24,8,qpso,19.49705986804522,19.49705986804522,0.0,0.1846099000031245,35
40,time,24,8,qpso cold,19.49705986804522,19.49705986804522,0.0,0.15586639999673935,35
40,time,24,8,qpso big,19.49705986804522,19.49705986804522,0.0,0.9139540999967721,35
40,time,24,8,pso,19.552567652541676,19.49705986804522,0.28469823076981193,0.075217600002361,35
40,time,24,8,ga,19.49705986804522,19.49705986804522,0.0,0.3540413999944576,35
40,time,25,6,dijkstra,13.070708580626532,13.070708580626532,0.0,0.00011139999696752056,0
40,time,25,6,qpso,13.070708580626532,13.070708580626532,0.0,0.07091509999736445,24
40,time,25,6,qpso cold,13.070708580626532,13.070708580626532,0.0,0.11594219999824418,24
40,time,25,6,qpso big,13.070708580626532,13.070708580626532,0.0,0.47116319999622647,24
40,time,25,6,pso,13.070708580626532,13.070708580626532,0.0,0.10231329999805894,24
40,time,25,6,ga,13.070708580626532,13.070708580626532,0.0,0.3609976000007009,24
40,time,26,10,dijkstra,26.276764629728877,26.276764629728877,0.0,0.00012960000458406284,0
40,time,26,10,qpso,26.4388694521362,26.276764629728877,0.6169131728794369,0.1298568000056548,40
40,time,26,10,qpso cold,26.4388694521362,26.276764629728877,0.6169131728794369,0.13552670000353828,40
40,time,26,10,qpso big,26.276764629728877,26.276764629728877,0.0,0.6818311000024551,40
40,time,26,10,pso,26.276764629728877,26.276764629728877,0.0,0.1723725000047125,40
40,time,26,10,ga,26.4388694521362,26.276764629728877,0.6169131728794369,0.4612319000007119,40
40,time,27,4,dijkstra,10.21127239584817,10.21127239584817,0.0,9.599999611964449e-05,0
40,time,27,4,qpso,10.21127239584817,10.21127239584817,0.0,0.05119249999552267,10
40,time,27,4,qpso cold,10.21127239584817,10.21127239584817,0.0,0.07899929999985034,10
40,time,27,4,qpso big,10.21127239584817,10.21127239584817,0.0,0.2928385999985039,10
40,time,27,4,pso,10.21127239584817,10.21127239584817,0.0,0.06400439999561058,10
40,time,27,4,ga,10.21127239584817,10.21127239584817,0.0,0.32043849999899976,10
40,time,28,6,dijkstra,19.93521954536927,19.93521954536927,0.0,0.00020000000222353265,0
40,time,28,6,qpso,19.93521954536927,19.93521954536927,0.0,0.11864820000482723,26
40,time,28,6,qpso cold,19.93521954536927,19.93521954536927,0.0,0.09589989999949466,26
40,time,28,6,qpso big,19.93521954536927,19.93521954536927,0.0,0.47198280000156956,26
40,time,28,6,pso,19.93521954536927,19.93521954536927,0.0,0.07248309999704361,26
40,time,28,6,ga,19.93521954536927,19.93521954536927,0.0,0.3164647999947192,26
40,time,29,9,dijkstra,22.428362100781182,22.428362100781182,0.0,0.00017780000052880496,0
40,time,29,9,qpso,22.428362100781182,22.428362100781182,0.0,0.11588679999840679,38
40,time,29,9,qpso cold,22.428362100781182,22.428362100781182,0.0,0.1607711000033305,38
40,time,29,9,qpso big,22.428362100781182,22.428362100781182,0.0,0.7068675999980769,38
40,time,29,9,pso,22.428362100781182,22.428362100781182,0.0,0.14239040000393288,38
40,time,29,9,ga,22.428362100781182,22.428362100781182,0.0,0.42337449999467935,38
40,time,30,6,dijkstra,20.791061756248943,20.791061756248943,0.0,0.00011929999891435727,0
40,time,30,6,qpso,20.791061756248943,20.791061756248943,0.0,0.144933099996706,37
40,time,30,6,qpso cold,20.791061756248943,20.791061756248943,0.0,0.1349742999955197,37
40,time,30,6,qpso big,20.791061756248943,20.791061756248943,0.0,0.5298746999978903,37
40,time,30,6,pso,20.791061756248943,20.791061756248943,0.0,0.1153550000017276,37
40,time,30,6,ga,20.791061756248943,20.791061756248943,0.0,0.39264909999474185,37
40,time,31,7,dijkstra,14.735122286017873,14.735122286017873,0.0,0.00018199999612988904,0
40,time,31,7,qpso,14.735122286017873,14.735122286017873,0.0,0.10834659999818541,27
40,time,31,7,qpso cold,14.735122286017873,14.735122286017873,0.0,0.10578370000439463,27
40,time,31,7,qpso big,14.735122286017873,14.735122286017873,0.0,0.543586799998593,27
40,time,31,7,pso,14.735122286017873,14.735122286017873,0.0,0.10055629999988014,27
40,time,31,7,ga,14.735122286017873,14.735122286017873,0.0,0.3736369000034756,27
40,time,32,4,dijkstra,12.438229740584635,12.438229740584635,0.0,0.0001790000023902394,0
40,time,32,4,qpso,12.438229740584635,12.438229740584635,0.0,0.07844109999859938,19
40,time,32,4,qpso cold,12.438229740584635,12.438229740584635,0.0,0.12171420000231592,19
40,time,32,4,qpso big,12.438229740584635,12.438229740584635,0.0,0.36618360000284156,19
40,time,32,4,pso,12.438229740584635,12.438229740584635,0.0,0.05630219999875408,19
40,time,32,4,ga,12.438229740584635,12.438229740584635,0.0,0.371227399999043,19
40,time,33,6,dijkstra,19.821158312023265,19.821158312023265,0.0,0.00020149999909335747,0
40,time,33,6,qpso,19.821158312023265,19.821158312023265,0.0,0.1283395999998902,34
40,time,33,6,qpso cold,19.821158312023265,19.821158312023265,0.0,0.11829510000097798,34
40,time,33,6,qpso big,19.821158312023265,19.821158312023265,0.0,0.44588840000506025,34
40,time,33,6,pso,19.821158312023265,19.821158312023265,0.0,0.08876320000126725,34
40,time,33,6,ga,19.821158312023265,19.821158312023265,0.0,0.31624260000535287,34
40,time,34,4,dijkstra,9.78762324073291,9.78762324073291,0.0,0.0001843999998527579,0
40,time,34,4,qpso,9.78762324073291,9.78762324073291,0.0,0.08779180000419728,15
40,time,34,4,qpso cold,9.78762324073291,9.78762324073291,0.0,0.10373260000051232,15
40,time,34,4,qpso big,9.78762324073291,9.78762324073291,0.0,0.3169647000031546,15
40,time,34,4,pso,9.78762324073291,9.78762324073291,0.0,0.07111199999781093,15
40,time,34,4,ga,9.78762324073291,9.78762324073291,0.0,0.32779149999987567,15
40,time,35,7,dijkstra,14.01410014986076,14.01410014986076,0.0,0.0002156000045943074,0
40,time,35,7,qpso,14.01410014986076,14.01410014986076,0.0,0.10794470000109868,25
40,time,35,7,qpso cold,14.01410014986076,14.01410014986076,0.0,0.12887939999927767,25
40,time,35,7,qpso big,14.01410014986076,14.01410014986076,0.0,0.5474687999958405,25
40,time,35,7,pso,14.01410014986076,14.01410014986076,0.0,0.08815700000559445,25
40,time,35,7,ga,14.01410014986076,14.01410014986076,0.0,0.39839070000016363,25
40,time,36,6,dijkstra,19.93521954536927,19.93521954536927,0.0,0.0003958999950555153,0
40,time,36,6,qpso,19.93521954536927,19.93521954536927,0.0,0.10003470000083325,26
40,time,36,6,qpso cold,19.93521954536927,19.93521954536927,0.0,0.08574650000082329,26
40,time,36,6,qpso big,19.93521954536927,19.93521954536927,0.0,0.47009170000092126,26
40,time,36,6,pso,19.93521954536927,19.93521954536927,0.0,0.08892210000340128,26
40,time,36,6,ga,19.93521954536927,19.93521954536927,0.0,0.31991779999952996,26
40,time,37,5,dijkstra,13.088704607225264,13.088704607225264,0.0,0.00016209999739658087,0
40,time,37,5,qpso,13.088704607225264,13.088704607225264,0.0,0.08360689999972237,18
40,time,37,5,qpso cold,13.088704607225264,13.088704607225264,0.0,0.11469030000444036,18
40,time,37,5,qpso big,13.088704607225264,13.088704607225264,0.0,0.3518798999939463,18
40,time,37,5,pso,13.088704607225264,13.088704607225264,0.0,0.08581350000167731,18
40,time,37,5,ga,13.088704607225264,13.088704607225264,0.0,0.32724099999904865,18
40,time,38,10,dijkstra,23.463666146691182,23.463666146691182,0.0,0.0002199000009568408,0
40,time,38,10,qpso,23.625770969098504,23.463666146691182,0.6908759330015521,0.13634040000033565,39
40,time,38,10,qpso cold,23.625770969098504,23.463666146691182,0.6908759330015521,0.13757159999659052,39
40,time,38,10,qpso big,23.625770969098504,23.463666146691182,0.6908759330015521,0.5771447000006447,39
40,time,38,10,pso,23.625770969098504,23.463666146691182,0.6908759330015521,0.11010400000668596,39
40,time,38,10,ga,23.625770969098504,23.463666146691182,0.6908759330015521,0.40765519999695243,39
40,time,39,8,dijkstra,19.24194632670773,19.24194632670773,0.0,0.00016909999976633117,0
40,time,39,8,qpso,20.406217570635192,19.24194632670773,6.050693750826337,0.1349913000012748,26
40,time,39,8,qpso cold,19.24194632670773,19.24194632670773,0.0,0.1389567000005627,26
40,time,39,8,qpso big,19.24194632670773,19.24194632670773,0.0,0.6066981999974814,26
40,time,39,8,pso,20.406217570635192,19.24194632670773,6.050693750826337,0.08846300000004703,26
40,time,39,8,ga,21.136244947783503,19.24194632670773,9.844631041541238,0.33211999999912223,26
40,time,40,5,dijkstra,12.036162062138997,12.036162062138997,0.0,0.0001731000011204742,0
40,time,40,5,qpso,12.036162062138997,12.036162062138997,0.0,0.07960579999780748,18
40,time,40,5,qpso cold,12.036162062138997,12.036162062138997,0.0,0.07324789999984205,18
40,time,40,5,qpso big,12.036162062138997,12.036162062138997,0.0,0.39514940000663046,18
40,time,40,5,pso,12.036162062138997,12.036162062138997,0.0,0.06592340000497643,18
40,time,40,5,ga,12.036162062138997,12.036162062138997,0.0,0.31863529999827733,18
40,time,41,9,dijkstra,22.692486973163167,22.692486973163167,0.0,0.0001838000025600195,0
40,time,41,9,qpso,22.692486973163167,22.692486973163167,0.0,0.14837110000371467,40
40,time,41,9,qpso cold,22.692486973163167,22.692486973163167,0.0,0.19839240000146674,40
40,time,41,9,qpso big,22.692486973163167,22.692486973163167,0.0,0.746910800000478,40
40,time,41,9,pso,22.692486973163167,22.692486973163167,0.0,0.12817669999640202,40
40,time,41,9,ga,22.692486973163167,22.692486973163167,0.0,0.3948787000044831,40
40,time,42,5,dijkstra,11.190283818029412,11.190283818029412,0.0,0.00015390000044135377,0
40,time,42,5,qpso,11.190283818029412,11.190283818029412,0.0,0.08180509999510832,21
40,time,42,5,qpso cold,11.190283818029412,11.190283818029412,0.0,0.09050009999918984,21
40,time,42,5,qpso big,11.190283818029412,11.190283818029412,0.0,0.37937609999789856,21
40,time,42,5,pso,11.190283818029412,11.190283818029412,0.0,0.0711682999972254,21
40,time,42,5,ga,11.190283818029412,11.190283818029412,0.0,0.29563569999299943,21
40,time,43,7,dijkstra,18.323905443359262,18.323905443359262,0.0,0.00017320000188192353,0
40,time,43,7,qpso,18.323905443359262,18.323905443359262,0.0,0.14506970000365982,24
40,time,43,7,qpso cold,18.323905443359262,18.323905443359262,0.0,0.13780360000237124,24
40,time,43,7,qpso big,18.323905443359262,18.323905443359262,0.0,0.49639790000219364,24
40,time,43,7,pso,18.323905443359262,18.323905443359262,0.0,0.1886039000019082,24
40,time,43,7,ga,18.323905443359262,18.323905443359262,0.0,0.3490367000049446,24
40,time,44,9,dijkstra,20.583423420400496,20.583423420400496,0.0,0.00011479999375296757,0
40,time,44,9,qpso,20.583423420400496,20.583423420400496,0.0,0.11180659999808995,18
40,time,44,9,qpso cold,20.583423420400496,20.583423420400496,0.0,0.11838490000081947,18
40,time,44,9,qpso big,20.583423420400496,20.583423420400496,0.0,0.6193347000007634,18
40,time,44,9,pso,21.815956310923752,20.583423420400496,5.987987835403885,0.10011460000532679,18
40,time,44,9,ga,20.583423420400496,20.583423420400496,0.0,0.3696129000018118,18
40,time,45,9,dijkstra,22.177330041396072,22.177330041396072,0.0,0.00020049999875482172,0
40,time,45,9,qpso,22.177330041396072,22.177330041396072,0.0,0.14472229999955744,39
40,time,45,9,qpso cold,22.177330041396072,22.177330041396072,0.0,0.14611929999955464,39
40,time,45,9,qpso big,22.177330041396072,22.177330041396072,0.0,0.7260372000018833,39
40,time,45,9,pso,22.177330041396072,22.177330041396072,0.0,0.13323319999472005,39
40,time,45,9,ga,22.177330041396072,22.177330041396072,0.0,0.3609828999979072,39
40,time,46,9,dijkstra,19.62662132468561,19.62662132468561,0.0,0.0001990000018849969,0
40,time,46,9,qpso,19.62662132468561,19.62662132468561,0.0,0.16434229999867966,39
40,time,46,9,qpso cold,19.62662132468561,19.62662132468561,0.0,0.18049679999967339,39
40,time,46,9,qpso big,19.62662132468561,19.62662132468561,0.0,0.7436383000022033,39
40,time,46,9,pso,19.62662132468561,19.62662132468561,0.0,0.1169783000004827,39
40,time,46,9,ga,20.006783869128835,19.62662132468561,1.9369739607961611,0.38109289999556495,39
40,time,47,8,dijkstra,18.391323798353937,18.391323798353937,0.0,0.0002142000012099743,0
40,time,47,8,qpso,18.391323798353937,18.391323798353937,0.0,0.13081619999866234,26
40,time,47,8,qpso cold,18.391323798353937,18.391323798353937,0.0,0.12487270000565331,26
40,time,47,8,qpso big,18.391323798353937,18.391323798353937,0.0,0.5350547999987612,26
40,time,47,8,pso,18.391323798353937,18.391323798353937,0.0,0.10464400000637397,26
40,time,47,8,ga,20.1229560775949,18.391323798353937,9.415484704782083,0.332324900002277,26
40,time,48,9,dijkstra,19.9662641227756,19.9662641227756,0.0,0.0001235999952768907,0
40,time,48,9,qpso,21.947631644410716,19.9662641227756,9.923576636327093,0.0941716000015731,26
40,time,48,9,qpso cold,21.947631644410716,19.9662641227756,9.923576636327093,0.08178069999848958,26
40,time,48,9,qpso big,19.9662641227756,19.9662641227756,0.0,0.5656483999991906,26
40,time,48,9,pso,19.9662641227756,19.9662641227756,0.0,0.0974835000015446,26
40,time,48,9,ga,21.947631644410716,19.9662641227756,9.923576636327093,0.3662484000014956,26
40,time,49,7,dijkstra,19.566898206416987,19.566898206416987,0.0,0.00011300000187475234,0
40,time,49,7,qpso,19.566898206416987,19.566898206416987,0.0,0.10840759999700822,18
40,time,49,7,qpso cold,19.566898206416987,19.566898206416987,0.0,0.10637169999972684,18
40,time,49,7,qpso big,19.566898206416987,19.566898206416987,0.0,0.4518762000006973,18
40,time,49,7,pso,19.566898206416987,19.566898206416987,0.0,0.09235459999763407,18
40,time,49,7,ga,19.566898206416987,19.566898206416987,0.0,0.35598639999807347,18
80,time,0,12,dijkstra,15.276260510990973,15.276260510990973,0.0,0.00033960000291699544,0
80,time,0,12,qpso,15.425959913374518,15.276260510990973,0.9799479543821563,0.17318209999939427,62
80,time,0,12,qpso cold,15.600411808299167,15.276260510990973,2.121928315342449,0.3366978999983985,62
80,time,0,12,qpso big,16.42182631816999,15.276260510990973,7.498993659834525,1.135598500004562,62
80,time,0,12,pso,17.506240198400434,15.276260510990973,14.597680406176853,0.15407989999948768,62
80,time,0,12,ga,17.506240198400434,15.276260510990973,14.597680406176853,0.4226868999976432,62
80,time,1,9,dijkstra,13.43417422637096,13.43417422637096,0.0,0.00018219999765278772,0
80,time,1,9,qpso,13.532617177325344,13.43417422637096,0.7327800674279101,0.17391199999838136,45
80,time,1,9,qpso cold,16.858340433848568,13.43417422637096,25.488475508647586,0.11795350000465987,45
80,time,1,9,qpso big,13.532617177325344,13.43417422637096,0.7327800674279101,0.7382190999996965,45
80,time,1,9,pso,13.532617177325344,13.43417422637096,0.7327800674279101,0.1399156000043149,45
80,time,1,9,ga,13.532617177325344,13.43417422637096,0.7327800674279101,0.35242270000162534,45
80,time,2,4,dijkstra,13.719884130073572,13.719884130073572,0.0,0.00016419999883510172,0
80,time,2,4,qpso,13.719884130073572,13.719884130073572,0.0,0.05930570000055013,21
80,time,2,4,qpso cold,13.719884130073572,13.719884130073572,0.0,0.07234729999618139,21
80,time,2,4,qpso big,13.719884130073572,13.719884130073572,0.0,0.3535639999972773,21
80,time,2,4,pso,13.719884130073572,13.719884130073572,0.0,0.060211900003196206,21
80,time,2,4,ga,13.719884130073572,13.719884130073572,0.0,0.2922113000022364,21
80,time,3,4,dijkstra,6.711846368071891,6.711846368071891,0.0,0.0001773000039975159,0
80,time,3,4,qpso,6.711846368071891,6.711846368071891,0.0,0.10276889999659033,14
80,time,3,4,qpso cold,6.711846368071891,6.711846368071891,0.0,0.10419009999895934,14
80,time,3,4,qpso big,6.711846368071891,6.711846368071891,0.0,0.35574569999880623,14
80,time,3,4,pso,6.711846368071891,6.711846368071891,0.0,0.062382600001001265,14
80,time,3,4,ga,6.711846368071891,6.711846368071891,0.0,0.33394919999409467,14
80,time,4,8,dijkstra,13.40973667641016,13.40973667641016,0.0,0.00018180000188294798,0
80,time,4,8,qpso,13.40973667641016,13.40973667641016,0.0,0.16640760000154842,64
80,time,4,8,qpso cold,13.919312066541373,13.40973667641016,3.8000402426069706,0.20914410000114003,64
80,time,4,8,qpso big,13.40973667641016,13.40973667641016,0.0,0.688358799998241,64
80,time,4,8,pso,13.40973667641016,13.40973667641016,0.0,0.18103439999686088,64
80,time,4,8,ga,13.40973667641016,13.40973667641016,0.0,0.3994528999974136,64
80,time,5,9,dijkstra,13.668358704568211,13.668358704568211,0.0,0.00018780000391416252,0
80,time,5,9,qpso,13.668358704568211,13.668358704568211,0.0,0.17336449999856995,33
80,time,5,9,qpso cold,13.668358704568211,13.668358704568211,0.0,0.14798770000197692,33
80,time,5,9,qpso big,13.668358704568211,13.668358704568211,0.0,0.7270843000005698,33
80,time,5,9,pso,13.668358704568211,13.668358704568211,0.0,0.17515170000115177,33
80,time,5,9,ga,13.668358704568211,13.668358704568211,0.0,0.39283350000187056,33
80,time,6,8,dijkstra,16.076399946979308,16.076399946979308,0.0,0.00018049999926006421,0
80,time,6,8,qpso,16.076399946979308,16.076399946979308,0.0,0.1357480000006035,70
80,time,6,8,qpso cold,16.076399946979308,16.076399946979308,0.0,0.15173070000309963,70
80,time,6,8,qpso big,16.076399946979308,16.076399946979308,0.0,0.6403973000051337,70
80,time,6,8,pso,16.076399946979308,16.076399946979308,0.0,0.15921330000128364,70
80,time,6,8,ga,16.076399946979308,16.076399946979308,0.0,0.38848670000152197,70
80,time,7,8,dijkstra,19.0947458112362,19.0947458112362,0.0,0.000247199997829739,0
80,time,7,8,qpso,20.013615992234286,19.0947458112362,4.812162414109644,0.16670809999777703,39
80,time,7,8,qpso cold,19.0947458112362,19.0947458112362,0.0,0.18573689999902854,39
80,time,7,8,qpso big,19.0947458112362,19.0947458112362,0.0,1.2269556999963243,39
80,time,7,8,pso,19.0947458112362,19.0947458112362,0.0,0.12316240000654943,39
80,time,7,8,ga,19.0947458112362,19.0947458112362,0.0,0.5024641999989399,39
80,time,8,5,dijkstra,9.422950411011138,9.422950411011138,0.0,0.00022449999960372224,0
80,time,8,5,qpso,9.422950411011138,9.422950411011138,0.0,0.08933150000666501,20
80,time,8,5,qpso cold,9.422950411011138,9.422950411011138,0.0,0.10043810000206577,20
80,time,8,5,qpso big,9.422950411011138,9.422950411011138,0.0,0.37115990000165766,20
80,time,8,5,pso,9.422950411011138,9.422950411011138,0.0,0.06681919999391539,20
80,time,8,5,ga,9.422950411011138,9.422950411011138,0.0,0.33013059999939287,20
80,time,9,8,dijkstra,18.42802296934579,18.42802296934579,0.0,0.00034720000257948413,0
80,time,9,8,qpso,18.42802296934579,18.42802296934579,0.0,0.15824350000184495,50
80,time,9,8,qpso cold,18.42802296934579,18.42802296934579,0.0,0.2037218000041321,50
80,time,9,8,qpso big,18.42802296934579,18.42802296934579,0.0,1.048917000000074,50
80,time,9,8,pso,18.42802296934579,18.42802296934579,0.0,0.16029249999701278,50
80,time,9,8,ga,18.42802296934579,18.42802296934579,0.0,0.4965217999997549,50
80,time,10,9,dijkstra,16.95173398585136,16.95173398585136,0.0,0.0003135999941150658,0
80,time,10,9,qpso,16.95173398585136,16.95173398585136,0.0,0.1685021000012057,52
80,time,10,9,qpso cold,17.587085427238705,16.95173398585136,3.748002664020316,0.24026299999968614,52
80,time,10,9,qpso big,16.95173398585136,16.95173398585136,0.0,0.8247498999990057,52
80,time,10,9,pso,16.95173398585136,16.95173398585136,0.0,0.1822902999992948,52
80,time,10,9,ga,16.95173398585136,16.95173398585136,0.0,0.3723669999963022,52
80,time,11,7,dijkstra,15.050329686444233,15.050329686444233,0.0,0.0001736999984132126,0
80,time,11,7,qpso,15.050329686444233,15.050329686444233,0.0,0.13775819999864325,43
80,time,11,7,qpso cold,15.050329686444233,15.050329686444233,0.0,0.13223320000543026,43
80,time,11,7,qpso big,15.050329686444233,15.050329686444233,0.0,0.584190800000215,43
80,time,11,7,pso,15.050329686444233,15.050329686444233,0.0,0.11823720000393223,43
80,time,11,7,ga,15.050329686444233,15.050329686444233,0.0,0.34278939999785507,43
80,time,12,8,dijkstra,18.789779700521432,18.789779700521432,0.0,0.0002023999986704439,0
80,time,12,8,qpso,18.789779700521432,18.789779700521432,0.0,0.134750700002769,55
80,time,12,8,qpso cold,18.789779700521432,18.789779700521432,0.0,0.14969220000057248,55
80,time,12,8,qpso big,18.789779700521432,18.789779700521432,0.0,0.6080546000011964,55
80,time,12,8,pso,18.789779700521432,18.789779700521432,0.0,0.12519330000213813,55
80,time,12,8,ga,18.789779700521432,18.789779700521432,0.0,0.39539179999701446,55
80,time,13,6,dijkstra,10.917316153592733,10.917316153592733,0.0,0.000258400003076531,0
80,time,13,6,qpso,11.775832043401538,10.917316153592733,7.863799836247114,0.12516219999815803,47
80,time,13,6,qpso cold,11.775832043401538,10.917316153592733,7.863799836247114,0.15690650000033202,47
80,time,13,6,qpso big,10.917316153592733,10.917316153592733,0.0,0.604371400004311,47
80,time,13,6,pso,11.775832043401538,10.917316153592733,7.863799836247114,0.16009800000028918,47
80,time,13,6,ga,10.917316153592733,10.917316153592733,0.0,0.42017709999345243,47
80,time,14,7,dijkstra,12.445053701589458,12.445053701589458,0.0,0.0002519999979995191,0
80,time,14,7,qpso,12.445053701589458,12.445053701589458,0.0,0.17752170000312617,56
80,time,14,7,qpso cold,12.445053701589458,12.445053701589458,0.0,0.27243520000047283,56
80,time,14,7,qpso big,12.445053701589458,12.445053701589458,0.0,0.6830878999971901,56
80,time,14,7,pso,12.445053701589458,12.445053701589458,0.0,0.13296479999553412,56
80,time,14,7,ga,12.445053701589458,12.445053701589458,0.0,0.36979290000454057,56
80,time,15,11,dijkstra,18.301728197790037,18.301728197790037,0.0,0.00022279999393504113,0
80,time,15,11,qpso,18.301728197790037,18.301728197790037,0.0,0.290594099998998,68
80,time,15,11,qpso cold,18.301728197790037,18.301728197790037,0.0,0.30236589999549324,68
80,time,15,11,qpso big,18.301728197790037,18.301728197790037,0.0,0.8862545999945723,68
80,time,15,11,pso,18.301728197790037,18.301728197790037,0.0,0.16812170000048354,68
80,time,15,11,ga,18.301728197790037,18.301728197790037,0.0,0.5630374000029406,68
80,time,16,11,dijkstra,20.702709670749446,20.702709670749446,0.0,0.00039119999564718455,0
80,time,16,11,qpso,20.834135331605477,20.702709670749446,0.634823474541213,0.15087169999605976,76
80,time,16,11,qpso cold,20.702709670749446,20.702709670749446,0.0,0.4274181000000681,76
80,time,16,11,qpso big,20.834135331605477,20.702709670749446,0.634823474541213,0.7567526000057114,76
80,time,16,11,pso,20.702709670749446,20.702709670749446,0.0,0.17684039999585366,76
80,time,16,11,ga,20.833099804993044,20.702709670749446,0.6298215852769462,0.36944840000069235,76
80,time,17,12,dijkstra,14.907144832373039,14.907144832373039,0.0,0.00019869999960064888,0
80,time,17,12,qpso,15.204543450723628,14.907144832373039,1.995007237769269,0.1294768000007025,76
80,time,17,12,qpso cold,15.204543450723628,14.907144832373039,1.995007237769269,0.1158244999969611,76
80,time,17,12,qpso big,15.204543450723628,14.907144832373039,1.995007237769269,0.6656870000006165,76
80,time,17,12,pso,15.204543450723628,14.907144832373039,1.995007237769269,0.14441930000612047,76
80,time,17,12,ga,15.204543450723628,14.907144832373039,1.995007237769269,0.32947669999703066,76
80,time,18,4,dijkstra,8.476743047796626,8.476743047796626,0.0,0.00018269999418407679,0
80,time,18,4,qpso,9.551113418916806,8.476743047796626,12.674329811134749,0.11339159999624826,23
80,time,18,4,qpso cold,9.551113418916806,8.476743047796626,12.674329811134749,0.10574199999973644,23
80,time,18,4,qpso big,8.476743047796626,8.476743047796626,0.0,0.4005562000020291,23
80,time,18,4,pso,8.476743047796626,8.476743047796626,0.0,0.08024169999407604,23
80,time,18,4,ga,8.476743047796626,8.476743047796626,0.0,0.32408939999731956,23
80,time,19,7,dijkstra,11.827521215435116,11.827521215435116,0.0,0.0002860999957192689,0
80,time,19,7,qpso,11.827521215435116,11.827521215435116,0.0,0.1572987999970792,61
80,time,19,7,qpso cold,12.09431733495573,11.827521215435116,2.2557230264989063,0.17393599999923026,61
80,time,19,7,qpso big,11.827521215435116,11.827521215435116,0.0,0.7796395999976085,61
80,time,19,7,pso,11.827521215435116,11.827521215435116,0.0,0.1422625000050175,61
80,time,19,7,ga,12.09431733495573,11.827521215435116,2.2557230264989063,0.3744259000013699,61
80,time,20,7,dijkstra,10.17824936631234,10.17824936631234,0.0,0.00025520000053802505,0
80,time,20,7,qpso,10.17824936631234,10.17824936631234,0.0,0.16923889999452513,40
80,time,20,7,qpso cold,10.17824936631234,10.17824936631234,0.0,0.1385941999978968,40
80,time,20,7,qpso big,10.17824936631234,10.17824936631234,0.0,1.0469253000046592,40
80,time,20,7,pso,10.17824936631234,10.17824936631234,0.0,0.2054132999983267,40
80,time,20,7,ga,10.17824936631234,10.17824936631234,0.0,0.43142900000384543,40
80,time,21,5,dijkstra,7.427816322137821,7.427816322137821,0.0,0.00016360000154236332,0
80,time,21,5,qpso,7.427816322137821,7.427816322137821,0.0,0.0801632000002428,25
80,time,21,5,qpso cold,7.427816322137821,7.427816322137821,0.0,0.08271160000003874,25
80,time,21,5,qpso big,7.427816322137821,7.427816322137821,0.0,0.41438660000130767,25
80,time,21,5,pso,7.427816322137821,7.427816322137821,0.0,0.09243770000466611,25
80,time,21,5,ga,7.427816322137821,7.427816322137821,0.0,0.4041801999992458,25
80,time,22,5,dijkstra,7.2972076395168175,7.2972076395168175,0.0,0.0001266999970539473,0
80,time,22,5,qpso,7.2972076395168175,7.2972076395168175,0.0,0.09492609999870183,18
80,time,22,5,qpso cold,7.2972076395168175,7.2972076395168175,0.0,0.08705509999708738,18
80,time,22,5,qpso big,7.2972076395168175,7.2972076395168175,0.0,0.4266769000023487,18
80,time,22,5,pso,7.2972076395168175,7.2972076395168175,0.0,0.07905079999909503,18
80,time,22,5,ga,7.2972076395168175,7.2972076395168175,0.0,0.34999459999380633,18
80,time,23,8,dijkstra,15.514963316781893,15.514963316781893,0.0,0.00014240000018617138,0
80,time,23,8,qpso,15.514963316781893,15.514963316781893,0.0,0.19566399999894202,31
80,time,23,8,qpso cold,15.7599880281052,15.514963316781893,1.5792799913247217,0.18267969999578781,31
80,time,23,8,qpso big,15.514963316781893,15.514963316781893,0.0,0.8366416999997455,31
80,time,23,8,pso,16.750125189061446,15.514963316781893,7.961100822865174,0.152941300002567,31
80,time,23,8,ga,16.29650422687558,15.514963316781893,5.037336499844166,0.38009690000035334,31
80,time,24,9,dijkstra,15.461429900104893,15.461429900104893,0.0,0.00034830000367946923,0
80,time,24,9,qpso,15.461429900104893,15.461429900104893,0.0,0.1894310999996378,53
80,time,24,9,qpso cold,15.461429900104893,15.461429900104893,0.0,0.1900471999979345,53
80,time,24,9,qpso big,15.461429900104893,15.461429900104893,0.0,0.8305146999991848,53
80,time,24,9,pso,16.303625634874756,15.461429900104893,5.447075336571228,0.14306799999758368,53
80,time,24,9,ga,15.461429900104893,15.461429900104893,0.0,0.3963348000033875,53
80,time,25,11,dijkstra,14.191730203389273,14.191730203389273,0.0,0.0002609000002848916,0
80,time,25,11,qpso,14.191730203389273,14.191730203389273,0.0,0.29142809999757446,47
80,time,25,11,qpso cold,14.191730203389273,14.191730203389273,0.0,0.3216227000011713,47
80,time,25,11,qpso big,14.191730203389273,14.191730203389273,0.0,0.8864009000026272,47
80,time,25,11,pso,15.725231733724247,14.191730203389273,10.805599517166288,0.16525829999591224,47
80,time,25,11,ga,14.191730203389273,14.191730203389273,0.0,0.4522450999938883,47
80,time,26,9,dijkstra,14.72410013737659,14.72410013737659,0.0,0.00036079999699722975,0
80,time,26,9,qpso,14.72410013737659,14.72410013737659,0.0,0.15417529999831459,47
80,time,26,9,qpso cold,15.810721877227326,14.72410013737659,7.37988555981351,0.14069670000026235,47
80,time,26,9,qpso big,15.810721877227326,14.72410013737659,7.37988555981351,0.734028799997759,47
80,time,26,9,pso,15.069388867018494,14.72410013737659,2.345058281459262,0.148488399994676,47
80,time,26,9,ga,15.292703310877508,14.72410013737659,3.8617176479093596,0.37382549999892944,47
80,time,27,8,dijkstra,11.73881148460645,11.73881148460645,0.0,0.00031429999944521114,0
80,time,27,8,qpso,11.739847011218886,11.73881148460645,0.00882139230019185,0.332322700000077,43
80,time,27,8,qpso cold,11.739847011218886,11.73881148460645,0.00882139230019185,0.29783750000206055,43
80,time,27,8,qpso big,11.73881148460645,11.73881148460645,0.0,1.1450859999968088,43
80,time,27,8,pso,11.739847011218886,11.73881148460645,0.00882139230019185,0.3161197999943397,43
80,time,27,8,ga,11.739847011218886,11.73881148460645,0.00882139230019185,0.6123891000024742,43
80,time,28,7,dijkstra,14.452642435490322,14.452642435490322,0.0,0.0002897000013035722,0
80,time,28,7,qpso,14.452642435490322,14.452642435490322,0.0,0.16341860000102315,55
80,time,28,7,qpso cold,14.452642435490322,14.452642435490322,0.0,0.1610341999985394,55
80,time,28,7,qpso big,15.459791395558996,14.452642435490322,6.968614663817397,1.2206340999982785,55
80,time,28,7,pso,14.452642435490322,14.452642435490322,0.0,0.12746879999758676,55
80,time,28,7,ga,14.452642435490322,14.452642435490322,0.0,0.4370303000032436,55
80,time,29,7,dijkstra,17.15133434410123,17.15133434410123,0.0,0.00020819999917875975,0
80,time,29,7,qpso,17.15133434410123,17.15133434410123,0.0,0.1750391999958083,57
80,time,29,7,qpso cold,18.35032630149945,17.15133434410123,6.990662844903282,0.23787849999644095,57
80,time,29,7,qpso big,17.15133434410123,17.15133434410123,0.0,0.6920526999965659,57
80,time,29,7,pso,17.15133434410123,17.15133434410123,0.0,0.1196875000023283,57
80,time,29,7,ga,17.15133434410123,17.15133434410123,0.0,0.3902319999979227,57
80,time,30,5,dijkstra,7.904709329737658,7.904709329737658,0.0,0.00025689999893074855,0
80,time,30,5,qpso,7.904709329737658,7.904709329737658,0.0,0.11444390000542626,19
80,time,30,5,qpso cold,7.904709329737658,7.904709329737658,0.0,0.10032249999494525,19
80,time,30,5,qpso big,7.904709329737658,7.904709329737658,0.0,0.38885170000139624,19
80,time,30,5,pso,7.904709329737658,7.904709329737658,0.0,0.13338000000658212,19
80,time,30,5,ga,7.904709329737658,7.904709329737658,0.0,0.35640219999913825,19
80,time,31,8,dijkstra,16.076399946979308,16.076399946979308,0.0,0.00026619999698596075,0
80,time,31,8,qpso,16.076399946979308,16.076399946979308,0.0,0.1522696999963955,70
80,time,31,8,qpso cold,16.076399946979308,16.076399946979308,0.0,0.13054289999854518,70
80,time,31,8,qpso big,16.076399946979308,16.076399946979308,0.0,0.8436409999994794,70
80,time,31,8,pso,16.076399946979308,16.076399946979308,0.0,0.16129499999806285,70
80,time,31,8,ga,16.076399946979308,16.076399946979308,0.0,0.38020440000400413,70
80,time,32,6,dijkstra,12.529550792247596,12.529550792247596,0.0,0.00015010000061010942,0
80,time,32,6,qpso,12.529550792247596,12.529550792247596,0.0,0.10299850000592414,19
80,time,32,6,qpso cold,12.529550792247596,12.529550792247596,0.0,0.09701160000258824,19
80,time,32,6,qpso big,12.529550792247596,12.529550792247596,0.0,0.49431409999669995,19
80,time,32,6,pso,12.529550792247596,12.529550792247596,0.0,0.08967800000391435,19
80,time,32,6,ga,12.529550792247596,12.529550792247596,0.0,0.39968129999761004,19
80,time,33,9,dijkstra,11.947892796748464,11.947892796748464,0.0,0.0002769999991869554,0
80,time,33,9,qpso,11.947892796748464,11.947892796748464,0.0,0.15778100000170525,27
80,time,33,9,qpso cold,11.947892796748464,11.947892796748464,0.0,0.1225311000016518,27
80,time,33,9,qpso big,11.947892796748464,11.947892796748464,0.0,0.7406745999978739,27
80,time,33,9,pso,11.947892796748464,11.947892796748464,0.0,0.13155889999325154,27
80,time,33,9,ga,11.947892796748464,11.947892796748464,0.0,0.434512599997106,27
80,time,34,10,dijkstra,18.651007586212753,18.651007586212753,0.0,0.0017691999964881688,0
80,time,34,10,qpso,18.651007586212753,18.651007586212753,0.0,0.19473529999959283,75
80,time,34,10,qpso cold,25.571181585134827,18.651007586212753,37.103486055292926,0.46315860000322573,75
80,time,34,10,qpso big,18.651007586212753,18.651007586212753,0.0,0.7307763999997405,75
80,time,34,10,pso,19.21961075971367,18.651007586212753,3.0486458754177033,0.1460088000021642,75
80,time,34,10,ga,19.32006944493892,18.651007586212753,3.5872692434094144,0.42430339999555144,75
80,time,35,6,dijkstra,8.848826193112092,8.848826193112092,0.0,0.00020960000256309286,0
80,time,35,6,qpso,8.848826193112092,8.848826193112092,0.0,0.13098479999462143,26
80,time,35,6,qpso cold,8.848826193112092,8.848826193112092,0.0,0.1243837000001804,26
80,time,35,6,qpso big,8.848826193112092,8.848826193112092,0.0,0.5520405999996001,26
80,time,35,6,pso,10.462087055971221,8.848826193112092,18.231354392686427,0.09546450000198092,26
80,time,35,6,ga,9.71721643235356,8.848826193112092,9.813620702793557,0.3529853000000003,26
80,time,36,8,dijkstra,16.322058751578197,16.322058751578197,0.0,0.00034079999750247225,0
80,time,36,8,qpso,16.322058751578197,16.322058751578197,0.0,0.3133259000023827,56
80,time,36,8,qpso cold,16.322058751578197,16.322058751578197,0.0,0.26211110000440385,56
80,time,36,8,qpso big,16.322058751578197,16.322058751578197,0.0,0.727711299994553,56
80,time,36,8,pso,16.322058751578197,16.322058751578197,0.0,0.2838410999975167,56
80,time,36,8,ga,16.322058751578197,16.322058751578197,0.0,0.4232121000022744,56
80,time,37,9,dijkstra,17.787500368959346,17.787500368959346,0.0,0.00034750000486383215,0
80,time,37,9,qpso,17.787500368959346,17.787500368959346,0.0,0.19722490000276593,75
80,time,37,9,qpso cold,21.21088984249075,17.787500368959346,19.24604021094218,0.17243520000192802,75
80,time,37,9,qpso big,17.787500368959346,17.787500368959346,0.0,0.7481858999963151,75
80,time,37,9,pso,17.787500368959346,17.787500368959346,0.0,0.16758280000067316,75
80,time,37,9,ga,17.787500368959346,17.787500368959346,0.0,0.373094200003834,75
80,time,38,8,dijkstra,12.696951349818724,12.696951349818724,0.0,0.000225499999942258,0
80,time,38,8,qpso,12.696951349818724,12.696951349818724,0.0,0.21939299999939976,44
80,time,38,8,qpso cold,12.696951349818724,12.696951349818724,0.0,0.1885887999960687,44
80,time,38,8,qpso big,12.696951349818724,12.696951349818724,0.0,0.8090019000010216,44
80,time,38,8,pso,12.696951349818724,12.696951349818724,0.0,0.11737030000222148,44
80,time,38,8,ga,12.696951349818724,12.696951349818724,0.0,0.4778156000029412,44
80,time,39,7,dijkstra,13.672232396585041,13.672232396585041,0.0,0.0003186000030837022,0
80,time,39,7,qpso,13.672232396585041,13.672232396585041,0.0,0.149132999998983,37
80,time,39,7,qpso cold,13.672232396585041,13.672232396585041,0.0,0.13980860000447137,37
80,time,39,7,qpso big,13.672232396585041,13.672232396585041,0.0,0.6082929999975022,37
80,time,39,7,pso,13.672232396585041,13.672232396585041,0.0,0.10866810000152327,37
80,time,39,7,ga,13.672232396585041,13.672232396585041,0.0,0.3496822000015527,37
80,time,40,8,dijkstra,17.862182366847776,17.862182366847776,0.0,0.00024529999791411683,0
80,time,40,8,qpso,17.862182366847776,17.862182366847776,0.0,0.22161870000127237,53
80,time,40,8,qpso cold,18.575866125804172,17.862182366847776,3.9955014695236435,0.1779385000045295,53
80,time,40,8,qpso big,17.862182366847776,17.862182366847776,0.0,1.0748149999999441,53
80,time,40,8,pso,17.862182366847776,17.862182366847776,0.0,0.21489889999793377,53
80,time,40,8,ga,17.862182366847776,17.862182366847776,0.0,0.3838093000013032,53
80,time,41,7,dijkstra,12.737668775441161,12.737668775441161,0.0,0.0003719000014825724,0
80,time,41,7,qpso,12.737668775441161,12.737668775441161,0.0,0.1539113999970141,39
80,time,41,7,qpso cold,13.309866237469167,12.737668775441161,4.492167853596809,0.16789950000384124,39
80,time,41,7,qpso big,12.737668775441161,12.737668775441161,0.0,0.6636835999961477,39
80,time,41,7,pso,12.737668775441161,12.737668775441161,0.0,0.2127388000008068,39
80,time,41,7,ga,13.159098580523318,12.737668775441161,3.3085316670715614,0.36467830000037793,39
80,time,42,7,dijkstra,12.154832812497842,12.154832812497842,0.0,0.0003028999999514781,0
80,time,42,7,qpso,12.154832812497842,12.154832812497842,0.0,0.14717489999748068,37
80,time,42,7,qpso cold,12.154832812497842,12.154832812497842,0.0,0.30489919999672566,37
80,time,42,7,qpso big,12.154832812497842,12.154832812497842,0.0,1.3585706999947433,37
80,time,42,7,pso,12.154832812497842,12.154832812497842,0.0,0.13693290000082925,37
80,time,42,7,ga,12.154832812497842,12.154832812497842,0.0,0.38109199999598786,37
80,time,43,5,dijkstra,10.527883897566014,10.527883897566014,0.0,0.00017379999917466193,0
80,time,43,5,qpso,10.527883897566014,10.527883897566014,0.0,0.06861539999954402,11
80,time,43,5,qpso cold,10.527883897566014,10.527883897566014,0.0,0.0656167999986792,11
80,time,43,5,qpso big,10.527883897566014,10.527883897566014,0.0,0.2879257000022335,11
80,time,43,5,pso,10.527883897566014,10.527883897566014,0.0,0.06202889999985928,11
80,time,43,5,ga,10.527883897566014,10.527883897566014,0.0,0.31011669999861624,11
80,time,44,5,dijkstra,11.703058875515474,11.703058875515474,0.0,0.0001370999962091446,0
80,time,44,5,qpso,11.703058875515474,11.703058875515474,0.0,0.10761869999987539,46
80,time,44,5,qpso cold,11.703058875515474,11.703058875515474,0.0,0.13373280000087107,46
80,time,44,5,qpso big,11.703058875515474,11.703058875515474,0.0,0.5550599999987753,46
80,time,44,5,pso,11.703058875515474,11.703058875515474,0.0,0.10577979999652598,46
80,time,44,5,ga,11.703058875515474,11.703058875515474,0.0,0.40638059999764664,46
80,time,45,7,dijkstra,12.737668775441161,12.737668775441161,0.0,0.0003214999960619025,0
80,time,45,7,qpso,12.737668775441161,12.737668775441161,0.0,0.1297606000007363,39
80,time,45,7,qpso cold,13.159098580523318,12.737668775441161,3.3085316670715614,0.16279989999748068,39
80,time,45,7,qpso big,12.737668775441161,12.737668775441161,0.0,0.6777366000023903,39
80,time,45,7,pso,12.737668775441161,12.737668775441161,0.0,0.11159780000161845,39
80,time,45,7,ga,12.737668775441161,12.737668775441161,0.0,0.3924313000024995,39
80,time,46,7,dijkstra,14.010093836529263,14.010093836529263,0.0,0.00020349999977042899,0
80,time,46,7,qpso,14.864769460111022,14.010093836529263,6.100427545697929,0.20390029999543913,48
80,time,46,7,qpso cold,14.010093836529263,14.010093836529263,0.0,0.2600345000028028,48
80,time,46,7,qpso big,14.010093836529263,14.010093836529263,0.0,0.8592426999966847,48
80,time,46,7,pso,14.010093836529263,14.010093836529263,0.0,0.21988430000055814,48
80,time,46,7,ga,14.010093836529263,14.010093836529263,0.0,0.35227540000050794,48
80,time,47,4,dijkstra,7.248634629390598,7.248634629390598,0.0,0.00015269999857991934,0
80,time,47,4,qpso,7.248634629390598,7.248634629390598,0.0,0.09222299999964889,22
80,time,47,4,qpso cold,7.248634629390598,7.248634629390598,0.0,0.09247979999781819,22
80,time,47,4,qpso big,7.248634629390598,7.248634629390598,0.0,0.350279700003739,22
80,time,47,4,pso,7.248634629390598,7.248634629390598,0.0,0.07545189999655122,22
80,time,47,4,ga,7.248634629390598,7.248634629390598,0.0,0.3242729999983567,22
80,time,48,10,dijkstra,17.25652023969872,17.25652023969872,0.0,0.00022760000138077885,0
80,time,48,10,qpso,17.25652023969872,17.25652023969872,0.0,0.20522060000075726,69
80,time,48,10,qpso cold,18.755557632596428,17.25652023969872,8.686788367965198,0.2621877999990829,69
80,time,48,10,qpso big,17.25652023969872,17.25652023969872,0.0,0.8291943000003812,69
80,time,48,10,pso,18.170412142841545,17.25652023969872,5.295922297476942,0.15627640000457177,69
80,time,48,10,ga,17.601808969340624,17.25652023969872,2.0009174784123953,0.36643289999483386,69
80,time,49,8,dijkstra,12.70522429341963,12.70522429341963,0.0,0.0002840000015567057,0
80,time,49,8,qpso,12.70522429341963,12.70522429341963,0.0,0.1412507999993977,42
80,time,49,8,qpso cold,12.70522429341963,12.70522429341963,0.0,0.18116890000237618,42
80,time,49,8,qpso big,12.70522429341963,12.70522429341963,0.0,0.5899338000017451,42
80,time,49,8,pso,12.70522429341963,12.70522429341963,0.0,0.12547369999811053,42
80,time,49,8,ga,12.70522429341963,12.70522429341963,0.0,0.36803430000145454,42
160,time,0,17,dijkstra,17.15720722855593,17.15720722855593,0.0,0.00039670000114711,0
160,time,0,17,qpso,17.670459940584163,17.15720722855593,2.991470028840074,1.306035299996438,119
160,time,0,17,qpso cold,23.031461815653667,17.15720722855593,34.23782500756189,1.275077300000703,119
160,time,0,17,qpso big,17.324360273690676,17.15720722855593,0.974243901749593,1.286470899998676,119
160,time,0,17,pso,17.884527449043798,17.15720722855593,4.239152740880457,0.6285863000011886,119
160,time,0,17,ga,17.724159635902794,17.15720722855593,3.304456254414449,1.3876902999982121,119
160,time,1,9,dijkstra,13.163445802380723,13.163445802380723,0.0,0.00028049999673385173,0
160,time,1,9,qpso,13.163445802380723,13.163445802380723,0.0,0.5129507000019657,91
160,time,1,9,qpso cold,13.163445802380723,13.163445802380723,0.0,0.4879856000043219,91
160,time,1,9,qpso big,13.163445802380723,13.163445802380723,0.0,2.0817156999983126,91
160,time,1,9,pso,13.163445802380723,13.163445802380723,0.0,0.18470779999915976,91
160,time,1,9,ga,13.163445802380723,13.163445802380723,0.0,0.4350355999995372,91
160,time,2,9,dijkstra,10.144919303048399,10.144919303048399,0.0,0.0002738999974098988,0
160,time,2,9,qpso,10.144919303048399,10.144919303048399,0.0,0.17293319999589585,65
160,time,2,9,qpso cold,10.144919303048399,10.144919303048399,0.0,0.19544370000221534,65
160,time,2,9,qpso big,10.980184456927361,10.144919303048399,8.23333462719588,0.7408329999962007,65
160,time,2,9,pso,12.098917570221767,10.144919303048399,19.26085569341316,0.2073930999977165,65
160,time,2,9,ga,10.144919303048399,10.144919303048399,0.0,0.4098121999995783,65
160,time,3,9,dijkstra,9.171801300519464,9.171801300519464,0.0,0.00027639999461825937,0
160,time,3,9,qpso,9.171801300519464,9.171801300519464,0.0,0.16197639999882085,48
160,time,3,9,qpso cold,9.171801300519464,9.171801300519464,0.0,0.13536369999928866,48
160,time,3,9,qpso big,9.171801300519464,9.171801300519464,0.0,0.7423555999994278,48
160,time,3,9,pso,9.300001181599418,9.171801300519464,1.397761212649618,0.11093290000280831,48
160,time,3,9,ga,9.703297659173364,9.171801300519464,5.7948961304231235,0.41205099999933736,48
160,time,4,16,dijkstra,16.515010007089717,16.515010007089717,0.0,0.0003313999986858107,0
160,time,4,16,qpso,17.720160337255063,16.515010007089717,7.297303057327772,0.2449105999985477,82
160,time,4,16,qpso cold,16.934305718039553,16.515010007089717,2.5388765176032995,0.6836656000014045,82
160,time,4,16,qpso big,18.897359833068737,16.515010007089717,14.425361080352374,1.1885690999988583,82
160,time,4,16,pso,18.10383134032475,16.515010007089717,9.620468486261696,0.27713329999824055,82
160,time,4,16,ga,16.515010007089717,16.515010007089717,0.0,1.0005477000013343,82
160,time,5,9,dijkstra,9.503523969204565,9.503523969204565,0.0,0.00015550000534858555,0
160,time,5,9,qpso,9.892971349889542,9.503523969204565,4.097926010887662,0.15553289999661501,35
160,time,5,9,qpso cold,9.503523969204565,9.503523969204565,0.0,0.3166674000021885,35
160,time,5,9,qpso big,9.892971349889542,9.503523969204565,4.097926010887662,0.8634448000011616,35
160,time,5,9,pso,9.503523969204565,9.503523969204565,0.0,0.1831704000069294,35
160,time,5,9,ga,10.10778085552379,9.503523969204565,6.358240251482221,0.5043046999999206,35
160,time,6,19,dijkstra,20.43868896663771,20.43868896663771,0.0,0.0005573000016738661,0
160,time,6,19,qpso,21.42404266997264,20.43868896663771,4.821022057448661,0.24022650000551948,153
160,time,6,19,qpso cold,25.784120251825307,20.43868896663771,26.153493963888792,0.5641782000020612,153
160,time,6,19,qpso big,21.42404266997264,20.43868896663771,4.821022057448661,1.15247829999862,153
160,time,6,19,pso,20.667921343013724,20.43868896663771,1.121561058785096,0.5398715999981505,153
160,time,6,19,ga,20.667921343013724,20.43868896663771,1.121561058785096,0.8094521999955759,153
160,time,7,13,dijkstra,17.187437143212975,17.187437143212975,0.0,0.0004149000014876947,0
160,time,7,13,qpso,17.760677429067087,17.187437143212975,3.335228405943436,0.7544947999995202,78
160,time,7,13,qpso cold,17.41205196446545,17.187437143212975,1.3068546484324053,0.18325079999340232,78
160,time,7,13,qpso big,17.50200783495544,17.187437143212975,1.8302361726261358,1.1918328999963705,78
160,time,7,13,pso,18.664434197724585,17.187437143212975,8.59346883543281,0.7228355999977794,78
160,time,7,13,ga,19.20050370198225,17.187437143212975,11.712430084808776,0.5355350999961956,78
160,time,8,12,dijkstra,14.758956244084759,14.758956244084759,0.0,0.00020670000230893493,0
160,time,8,12,qpso,16.383371439809665,14.758956244084759,11.006301318739629,0.2429102000023704,107
160,time,8,12,qpso cold,20.54011485794165,14.758956244084759,39.17051123567035,0.2747287000020151,107
160,time,8,12,qpso big,14.758956244084759,14.758956244084759,0.0,0.8358436999988044,107
160,time,8,12,pso,14.758956244084759,14.758956244084759,0.0,0.37738959999842336,107
160,time,8,12,ga,15.412884158981436,14.758956244084759,4.430719246550817,0.4471865000014077,107
160,time,9,9,dijkstra,8.69899553891733,8.69899553891733,0.0,0.00021969999943394214,0
160,time,9,9,qpso,8.69899553891733,8.69899553891733,0.0,0.15040700000099605,38
160,time,9,9,qpso cold,8.69899553891733,8.69899553891733,0.0,0.1257121000016923,38
160,time,9,9,qpso big,8.69899553891733,8.69899553891733,0.0,0.6568962000019383,38
160,time,9,9,pso,8.975812515483057,8.69899553891733,3.182171726923068,0.1536802999980864,38
160,time,9,9,ga,8.69899553891733,8.69899553891733,0.0,0.38284140000178013,38
160,time,10,7,dijkstra,8.706924581949183,8.706924581949183,0.0,0.00026679999427869916,0
160,time,10,7,qpso,8.706924581949183,8.706924581949183,0.0,0.15378939999936847,32
160,time,10,7,qpso cold,8.706924581949183,8.706924581949183,0.0,0.1374015999972471,32
160,time,10,7,qpso big,8.706924581949183,8.706924581949183,0.0,0.9561166999992565,32
160,time,10,7,pso,8.706924581949183,8.706924581949183,0.0,0.16150110000307905,32
160,time,10,7,ga,8.706924581949183,8.706924581949183,0.0,0.40680190000421135,32
160,time,11,9,dijkstra,9.696558464586932,9.696558464586932,0.0,0.00021209999977145344,0
160,time,11,9,qpso,9.696558464586932,9.696558464586932,0.0,0.2157147999969311,36
160,time,11,9,qpso cold,9.957111708012274,9.696558464586932,2.6870692769699227,0.12188239999522921,36
160,time,11,9,qpso big,9.696558464586932,9.696558464586932,0.0,1.0665395999967586,36
160,time,11,9,pso,10.043061936427854,9.696558464586932,3.5734685982289176,0.06742830000439426,36
160,time,11,9,ga,9.957111708012274,9.696558464586932,2.6870692769699227,0.3764090999975451,36
160,time,12,10,dijkstra,13.57046145109628,13.57046145109628,0.0,0.0003934999986086041,0
160,time,12,10,qpso,13.57046145109628,13.57046145109628,0.0,0.21852729999955045,47
160,time,12,10,qpso cold,13.57046145109628,13.57046145109628,0.0,0.22125100000266684,47
160,time,12,10,qpso big,13.57046145109628,13.57046145109628,0.0,0.9474884000010206,47
160,time,12,10,pso,13.57046145109628,13.57046145109628,0.0,0.16694250000000466,47
160,time,12,10,ga,13.68232536450939,13.57046145109628,0.8243191568410022,0.5063326000017696,47
160,time,13,7,dijkstra,8.518859268235357,8.518859268235357,0.0,0.00039180000021588057,0
160,time,13,7,qpso,8.518859268235357,8.518859268235357,0.0,0.13432860000466462,35
160,time,13,7,qpso cold,8.518859268235357,8.518859268235357,0.0,0.2449689999994007,35
160,time,13,7,qpso big,8.518859268235357,8.518859268235357,0.0,0.6310029000014765,35
160,time,13,7,pso,8.518859268235357,8.518859268235357,0.0,0.1349093000026187,35
160,time,13,7,ga,8.518859268235357,8.518859268235357,0.0,0.3702583999984199,35
160,time,14,10,dijkstra,11.219983357370554,11.219983357370554,0.0,0.0004191999978502281,0
160,time,14,10,qpso,11.219983357370554,11.219983357370554,0.0,0.17888179999863496,67
160,time,14,10,qpso cold,11.219983357370554,11.219983357370554,0.0,0.2032353000031435,67
160,time,14,10,qpso big,11.219983357370554,11.219983357370554,0.0,0.8579220999963582,67
160,time,14,10,pso,11.376222076098777,11.219983357370554,1.3925040149510421,0.16570080000383314,67
160,time,14,10,ga,11.219983357370554,11.219983357370554,0.0,0.39565249999577645,67
160,time,15,8,dijkstra,9.390272840322687,9.390272840322687,0.0,0.0002303000001120381,0
160,time,15,8,qpso,9.390272840322687,9.390272840322687,0.0,0.1684679000027245,43
160,time,15,8,qpso cold,9.390272840322687,9.390272840322687,0.0,0.15598150000005262,43
160,time,15,8,qpso big,10.179368789510269,9.390272840322687,8.403333562355416,0.7394291000018711,43
160,time,15,8,pso,10.179368789510269,9.390272840322687,8.403333562355416,0.14391459999751532,43
160,time,15,8,ga,9.390272840322687,9.390272840322687,0.0,0.4409365999963484,43
160,time,16,17,dijkstra,16.23294174418772,16.23294174418772,0.0,0.0003542000049492344,0
160,time,16,17,qpso,16.447568407723747,16.23294174418772,1.3221673983575717,0.2284631999937119,130
160,time,16,17,qpso cold,16.965525274814368,16.23294174418772,4.512943754565948,0.26989599999797065,130
160,time,16,17,qpso big,16.447568407723747,16.23294174418772,1.3221673983575717,1.0433689999990747,130
160,time,16,17,pso,16.335704494310637,16.23294174418772,0.6330506924890037,0.3061893999984022,130
160,time,16,17,ga,16.82769577747538,16.23294174418772,3.663870927773243,0.46411009999428643,130
160,time,17,6,dijkstra,5.896852048155475,5.896852048155475,0.0,0.00013130000297678635,0
160,time,17,6,qpso,6.311437307692562,5.896852048155475,7.030620001171104,0.09729560000414494,16
160,time,17,6,qpso cold,6.311437307692562,5.896852048155475,7.030620001171104,0.12848310000117635,16
160,time,17,6,qpso big,6.311437307692562,5.896852048155475,7.030620001171104,0.5027090000003227,16
160,time,17,6,pso,6.311437307692562,5.896852048155475,7.030620001171104,0.09728519999771379,16
160,time,17,6,ga,6.311437307692562,5.896852048155475,7.030620001171104,0.3329770999989705,16
160,time,18,10,dijkstra,17.234642516199138,17.234642516199138,0.0,0.0004245000018272549,0
160,time,18,10,qpso,17.37935897920645,17.234642516199138,0.8396835784165045,0.19835130000137724,63
160,time,18,10,qpso cold,17.234642516199138,17.234642516199138,0.0,0.16592060000402853,63
160,time,18,10,qpso big,17.37935897920645,17.234642516199138,0.8396835784165045,0.7662634999942384,63
160,time,18,10,pso,17.234642516199138,17.234642516199138,0.0,0.1388156999964849,63
160,time,18,10,ga,17.234642516199138,17.234642516199138,0.0,0.3884375999987242,63
160,time,19,15,dijkstra,22.36779573114338,22.36779573114338,0.0,0.00043120000191265717,0
160,time,19,15,qpso,26.09090139502202,22.36779573114338,16.644937698062225,0.2506682000021101,144
160,time,19,15,qpso cold,31.987233529710366,22.36779573114338,43.005747701699285,0.8917587000032654,144
160,time,19,15,qpso big,24.870667329853326,22.36779573114338,11.18962113564511,1.082771599998523,144
160,time,19,15,pso,23.940700592724994,22.36779573114338,7.032006553026626,0.8126630999977351,144
160,time,19,15,ga,22.36779573114338,22.36779573114338,0.0,0.6385890000019572,144
160,time,20,10,dijkstra,8.998815961669319,8.998815961669319,0.0,0.00020349999977042899,0
160,time,20,10,qpso,8.998815961669319,8.998815961669319,0.0,0.1648702000020421,46
160,time,20,10,qpso cold,8.998815961669319,8.998815961669319,0.0,0.29693870000483,46
160,time,20,10,qpso big,8.998815961669319,8.998815961669319,0.0,1.011957300004724,46
160,time,20,10,pso,8.998815961669319,8.998815961669319,0.0,0.15793359999952372,46
160,time,20,10,ga,9.110679875082429,8.998815961669319,1.2430959127244874,0.440426799999841,46
160,time,21,20,dijkstra,23.81858278806777,23.81858278806777,0.0,0.000625700005912222,0
160,time,21,20,qpso,27.76541169311833,23.81858278806777,16.570376752338845,0.323332300002221,150
160,time,21,20,qpso cold,28.33248020949017,23.81858278806777,18.95115868809667,0.4621696000031079,150
160,time,21,20,qpso big,26.60413392655139,23.81858278806777,11.694865153266303,4.800465200001781,150
160,time,21,20,pso,29.936270829936923,23.81858278806777,25.684517405182856,1.0531123999971896,150
160,time,21,20,ga,28.495220639083374,23.81858278806777,19.63440853146993,1.3509298999997554,150
160,time,22,5,dijkstra,3.3479610726067763,3.3479610726067763,0.0,9.57000011112541e-05,0
160,time,22,5,qpso,3.3479610726067763,3.3479610726067763,0.0,0.07688639999832958,13
160,time,22,5,qpso cold,3.3479610726067763,3.3479610726067763,0.0,0.08589349999965634,13
160,time,22,5,qpso big,3.3479610726067763,3.3479610726067763,0.0,0.3987476999973296,13
160,time,22,5,pso,3.3479610726067763,3.3479610726067763,0.0,0.08326629999646684,13
160,time,22,5,ga,3.3479610726067763,3.3479610726067763,0.0,0.3420726999975159,13
160,time,23,11,dijkstra,13.82538998235629,13.82538998235629,0.0,0.0002860999957192689,0
160,time,23,11,qpso,14.541388232869949,13.82538998235629,5.17886476567679,0.12389950000215322,75
160,time,23,11,qpso cold,13.82538998235629,13.82538998235629,0.0,0.2396396000040113,75
160,time,23,11,qpso big,13.82538998235629,13.82538998235629,0.0,0.8358630000002449,75
160,time,23,11,pso,14.384891890115517,13.82538998235629,4.046915916825877,0.16970170000422513,75
160,time,23,11,ga,13.83024928503525,13.82538998235629,0.03514767167625712,0.39372899999580113,75
160,time,24,7,dijkstra,10.323681071664286,10.323681071664286,0.0,0.00027149999368702993,0
160,time,24,7,qpso,10.323681071664286,10.323681071664286,0.0,0.11373590000584954,39
160,time,24,7,qpso cold,10.323681071664286,10.323681071664286,0.0,0.11550260000512935,39
160,time,24,7,qpso big,10.323681071664286,10.323681071664286,0.0,0.5550947000010638,39
160,time,24,7,pso,10.323681071664286,10.323681071664286,0.0,0.11862159999873256,39
160,time,24,7,ga,10.323681071664286,10.323681071664286,0.0,0.3886911000008695,39
160,time,25,14,dijkstra,12.452066327751956,12.452066327751956,0.0,0.0005476000005728565,0
160,time,25,14,qpso,12.452066327751956,12.452066327751956,0.0,0.35660490000009304,70
160,time,25,14,qpso cold,14.335075751201334,12.452066327751956,15.122063871862855,0.24603550000028918,70
160,time,25,14,qpso big,12.563930241165066,12.452066327751956,0.898356228345802,2.456769300006272,70
160,time,25,14,pso,12.452066327751956,12.452066327751956,0.0,0.2525437999938731,70
160,time,25,14,ga,12.968706522418062,12.452066327751956,4.149031823856163,0.40296910000324715,70
160,time,26,16,dijkstra,17.59636860342404,17.59636860342404,0.0,0.0003469000002951361,0
160,time,26,16,qpso,17.601227906103002,17.59636860342404,0.027615372174102707,0.20580410000548,145
160,time,26,16,qpso cold,20.840052592000962,17.59636860342404,18.43382610174318,0.47966850000375416,145
160,time,26,16,qpso big,17.59636860342404,17.59636860342404,0.0,1.0297916999988956,145
160,time,26,16,pso,17.601227906103002,17.59636860342404,0.027615372174102707,0.30480589999933727,145
160,time,26,16,ga,19.018452111179126,17.59636860342404,8.081687419746178,0.5218537000037031,145
160,time,27,14,dijkstra,12.128966662576728,12.128966662576728,0.0,0.0003741999971680343,0
160,time,27,14,qpso,12.545191533260217,12.128966662576728,3.431659779952474,0.19124079999892274,37
160,time,27,14,qpso cold,12.545191533260217,12.128966662576728,3.431659779952474,0.17265710000356194,37
160,time,27,14,qpso big,12.545191533260217,12.128966662576728,3.431659779952474,1.4168210999996518,37
160,time,27,14,pso,13.620443386280607,12.128966662576728,12.296816086614786,0.16586350000579841,37
160,time,27,14,ga,13.009224090379893,12.128966662576728,7.257480808477712,0.3754648999965866,37
160,time,28,16,dijkstra,16.85972216067388,16.85972216067388,0.0,0.00046550000115530565,0
160,time,28,16,qpso,17.351713443838623,16.85972216067388,2.9181458536270384,0.20705560000351397,81
160,time,28,16,qpso cold,21.301924279890137,16.85972216067388,26.348014972500025,0.21871380000084173,81
160,time,28,16,qpso big,17.46448577459958,16.85972216067388,3.587031910504089,0.9714244999995572,81
160,time,28,16,pso,20.33089068707565,16.85972216067388,20.588527458052905,0.19169770000007702,81
160,time,28,16,ga,17.57634968801269,16.85972216067388,4.250529875340296,0.457269799997448,81
160,time,29,11,dijkstra,11.199218184952953,11.199218184952953,0.0,0.0003544999999576248,0
160,time,29,11,qpso,11.199218184952953,11.199218184952953,0.0,0.14969550000387244,50
160,time,29,11,qpso cold,11.199218184952953,11.199218184952953,0.0,0.17405850000068313,50
160,time,29,11,qpso big,11.199218184952953,11.199218184952953,0.0,0.6700620999981766,50
160,time,29,11,pso,12.729541993207198,11.199218184952953,13.66455928423966,0.13858559999789577,50
160,time,29,11,ga,11.955339511911871,11.199218184952953,6.751554568111089,0.3789727999974275,50
160,time,30,16,dijkstra,25.04034478777134,25.04034478777134,0.0,0.0005834000039612874,0
160,time,30,16,qpso,25.756343038285003,25.04034478777134,2.8593785612062645,0.20748960000491934,159
160,time,30,16,qpso cold,34.046318175387874,25.04034478777134,35.965852163563966,0.3008269999991171,159
160,time,30,16,qpso big,28.29400649108768,25.04034478777134,12.993677726455637,1.022595900001761,159
160,time,30,16,pso,25.04034478777134,25.04034478777134,0.0,0.3494734999985667,159
160,time,30,16,ga,25.060363236973892,25.04034478777134,0.07994478259871636,0.5112961999984691,159
160,time,31,9,dijkstra,11.092647774473384,11.092647774473384,0.0,0.00016200000391108915,0
160,time,31,9,qpso,11.092647774473384,11.092647774473384,0.0,0.1670483999987482,63
160,time,31,9,qpso cold,11.092647774473384,11.092647774473384,0.0,0.20036350000009406,63
160,time,31,9,qpso big,11.092647774473384,11.092647774473384,0.0,0.7599143999977969,63
160,time,31,9,pso,11.092647774473384,11.092647774473384,0.0,0.16922669999621576,63
160,time,31,9,ga,11.092647774473384,11.092647774473384,0.0,0.4078769000043394,63
160,time,32,13,dijkstra,16.205705300044308,16.205705300044308,0.0,0.0005021999968448654,0
160,time,32,13,qpso,16.205705300044308,16.205705300044308,0.0,0.23551790000055917,68
160,time,32,13,qpso cold,16.44089005988821,16.205705300044308,1.4512466781884563,0.19237520000024233,68
160,time,32,13,qpso big,16.810468913970006,16.205705300044308,3.7317944682361004,1.3215955000050599,68
160,time,32,13,pso,17.498078594505976,16.205705300044308,7.974804370027236,0.2130618000010145,68
160,time,32,13,ga,16.69769658320905,16.205705300044308,3.0359140441940444,0.5725552000003518,68
160,time,33,6,dijkstra,12.623722515121907,12.623722515121907,0.0,0.00031740000122226775,0
160,time,33,6,qpso,12.623722515121907,12.623722515121907,0.0,0.20019470000261208,34
160,time,33,6,qpso cold,12.623722515121907,12.623722515121907,0.0,0.21292979999998352,34
160,time,33,6,qpso big,12.623722515121907,12.623722515121907,0.0,0.849439199999324,34
160,time,33,6,pso,12.623722515121907,12.623722515121907,0.0,0.1600010999973165,34
160,time,33,6,ga,12.623722515121907,12.623722515121907,0.0,0.46352399999886984,34
160,time,34,9,dijkstra,10.632462566549387,10.632462566549387,0.0,0.00033119999716291204,0
160,time,34,9,qpso,10.632462566549387,10.632462566549387,0.0,0.18074650000198744,70
160,time,34,9,qpso cold,10.632462566549387,10.632462566549387,0.0,0.1619670000000042,70
160,time,34,9,qpso big,11.852277383857997,10.632462566549387,11.472552192624207,2.2327227999994648,70
160,time,34,9,pso,11.93555281931709,10.632462566549387,12.255770896079458,0.3669032999969204,70
160,time,34,9,ga,12.807035104841228,10.632462566549387,20.452200275157583,0.4311877000000095,70
160,time,35,10,dijkstra,12.800967869696741,12.800967869696741,0.0,0.0004757999995490536,0
160,time,35,10,qpso,13.122011326190659,12.800967869696741,2.507962364735811,0.38383020000037504,71
160,time,35,10,qpso cold,12.800967869696741,12.800967869696741,0.0,0.28657380000367993,71
160,time,35,10,qpso big,12.800967869696741,12.800967869696741,0.0,1.2558075999986613,71
160,time,35,10,pso,12.800967869696741,12.800967869696741,0.0,0.3270245999956387,71
160,time,35,10,ga,12.800967869696741,12.800967869696741,0.0,0.6751332999992883,71
160,time,36,12,dijkstra,17.228701049331693,17.228701049331693,0.0,0.0003364999938639812,0
160,time,36,12,qpso,17.228701049331693,17.228701049331693,0.0,0.178462000003492,120
160,time,36,12,qpso cold,17.924839751131877,17.228701049331693,4.040575663869837,0.2170717999979388,120
160,time,36,12,qpso big,17.228701049331693,17.228701049331693,0.0,0.9011996999979601,120
160,time,36,12,pso,17.873124278803388,17.228701049331693,3.7404051972722114,0.24552150000090478,120
160,time,36,12,ga,17.402731723574764,17.228701049331693,1.0101206918894277,0.5994481999950949,120
160,time,37,4,dijkstra,5.534409462900789,5.534409462900789,0.0,0.00017070000467356294,0
160,time,37,4,qpso,5.534409462900789,5.534409462900789,0.0,0.07901629999832949,34
160,time,37,4,qpso cold,5.534409462900789,5.534409462900789,0.0,0.10447690000000875,34
160,time,37,4,qpso big,5.534409462900789,5.534409462900789,0.0,0.5429449000002933,34
160,time,37,4,pso,5.534409462900789,5.534409462900789,0.0,0.06668879999779165,34
160,time,37,4,ga,5.534409462900789,5.534409462900789,0.0,0.30319439999584574,34
160,time,38,18,dijkstra,18.107857022704604,18.107857022704604,0.0,0.0003415000028326176,0
160,time,38,18,qpso,19.82196021057687,18.107857022704604,9.466074233538682,0.2519605999987107,140
160,time,38,18,qpso cold,23.16396782567352,18.107857022704604,27.92219309346928,0.27816290000191657,140
160,time,38,18,qpso big,18.727602190560656,18.107857022704604,3.4225207713921244,1.1819484999941778,140
160,time,38,18,pso,18.572412202348282,18.107857022704604,2.565489549984817,0.30256449999433244,140
160,time,38,18,ga,19.42280685415847,18.107857022704604,7.261763939295033,0.5218613000033656,140
160,time,39,5,dijkstra,7.730405375727412,7.730405375727412,0.0,0.0001432999997632578,0
160,time,39,5,qpso,7.730405375727412,7.730405375727412,0.0,0.0937506000045687,23
160,time,39,5,qpso cold,7.730405375727412,7.730405375727412,0.0,0.12968670000554994,23
160,time,39,5,qpso big,7.730405375727412,7.730405375727412,0.0,0.4380583000020124,23
160,time,39,5,pso,7.730405375727412,7.730405375727412,0.0,0.0812696000066353,23
160,time,39,5,ga,7.730405375727412,7.730405375727412,0.0,0.3272099000023445,23
160,time,40,13,dijkstra,12.97650174970386,12.97650174970386,0.0,0.0005997999978717417,0
160,time,40,13,qpso,13.020115883947119,12.97650174970386,0.3361008620389808,0.19474839999747928,87
160,time,40,13,qpso cold,12.97650174970386,12.97650174970386,0.0,0.206033499998739,87
160,time,40,13,qpso big,13.020115883947119,12.97650174970386,0.3361008620389808,0.8028429000041797,87
160,time,40,13,pso,13.324824647988564,12.97650174970386,2.6842588626988952,0.22780400000192458,87
160,time,40,13,ga,13.020115883947119,12.97650174970386,0.3361008620389808,0.4180710000000545,87
160,time,41,9,dijkstra,9.520727677718002,9.520727677718002,0.0,0.00033260000054724514,0
160,time,41,9,qpso,9.520727677718002,9.520727677718002,0.0,0.1515501999965636,49
160,time,41,9,qpso cold,10.21331775315503,9.520727677718002,7.2745497915872885,0.18061029999807943,49
160,time,41,9,qpso big,9.520727677718002,9.520727677718002,0.0,0.7508368999988306,49
160,time,41,9,pso,10.27684900467692,9.520727677718002,7.941843864818447,0.1391998999970383,49
160,time,41,9,ga,9.520727677718002,9.520727677718002,0.0,0.4054032999993069,49
160,time,42,15,dijkstra,19.581376991236766,19.581376991236766,0.0,0.000608200003625825,0
160,time,42,15,qpso,20.369980018570388,19.581376991236766,4.027311397388163,0.24025070000061532,121
160,time,42,15,qpso cold,22.21670411499328,19.581376991236766,13.458334033075916,0.241813299995556,121
160,time,42,15,qpso big,20.057789939659443,19.581376991236766,2.432990022284366,1.2437237000049208,121
160,time,42,15,pso,19.81797154667336,19.581376991236766,1.2082631141950633,0.36067589999584015,121
160,time,42,15,ga,20.369980018570388,19.581376991236766,4.027311397388163,0.5241997999983141,121
160,time,43,7,dijkstra,7.496748965883915,7.496748965883915,0.0,0.0002635000055306591,0
160,time,43,7,qpso,7.496748965883915,7.496748965883915,0.0,0.11440469999797642,32
160,time,43,7,qpso cold,7.496748965883915,7.496748965883915,0.0,0.10867270000017015,32
160,time,43,7,qpso big,7.496748965883915,7.496748965883915,0.0,0.5611390999983996,32
160,time,43,7,pso,8.263347556387894,7.496748965883915,10.22574710708072,0.12811160000273958,32
160,time,43,7,ga,7.496748965883915,7.496748965883915,0.0,0.35852860000159126,32
160,time,44,5,dijkstra,6.229445284136902,6.229445284136902,0.0,0.00026330000400776044,0
160,time,44,5,qpso,6.229445284136902,6.229445284136902,0.0,0.10102180000103544,21
160,time,44,5,qpso cold,6.229445284136902,6.229445284136902,0.0,0.11576960000093095,21
160,time,44,5,qpso big,6.229445284136902,6.229445284136902,0.0,0.4228562999996939,21
160,time,44,5,pso,6.229445284136902,6.229445284136902,0.0,0.07562899999902584,21
160,time,44,5,ga,6.229445284136902,6.229445284136902,0.0,0.3001743999993778,21
160,time,45,6,dijkstra,7.1615935932915304,7.1615935932915304,0.0,0.00026079999952344224,0
160,time,45,6,qpso,7.1615935932915304,7.1615935932915304,0.0,0.13206479999644216,29
160,time,45,6,qpso cold,7.1615935932915304,7.1615935932915304,0.0,0.1977420000039274,29
160,time,45,6,qpso big,7.1615935932915304,7.1615935932915304,0.0,0.5747636000014609,29
160,time,45,6,pso,7.1615935932915304,7.1615935932915304,0.0,0.1040322000044398,29
160,time,45,6,ga,7.1615935932915304,7.1615935932915304,0.0,0.3214351999995415,29
160,time,46,16,dijkstra,25.492175567329873,25.492175567329873,0.0,0.0006022000015946105,0
160,time,46,16,qpso,26.404695687144724,25.492175567329873,3.579608642678238,0.3178297999984352,160
160,time,46,16,qpso cold,32.9251703164579,25.492175567329873,29.157945854782067,0.37288409999746364,160
160,time,46,16,qpso big,26.909399772405997,25.492175567329873,5.559447844429577,1.0617323999977089,160
160,time,46,16,pso,25.492175567329873,25.492175567329873,0.0,0.36410710000200197,160
160,time,46,16,ga,26.909399772405997,25.492175567329873,5.559447844429577,0.48255710000375984,160
160,time,47,15,dijkstra,13.432834137064075,13.432834137064075,0.0,0.0003437000050325878,0
160,time,47,15,qpso,15.309847008249994,13.432834137064075,13.973319792632866,1.3791357000009157,125
160,time,47,15,qpso cold,13.432834137064075,13.432834137064075,0.0,0.21171299999696203,125
160,time,47,15,qpso big,13.432834137064075,13.432834137064075,0.0,1.0050249000050826,125
160,time,47,15,pso,13.432834137064075,13.432834137064075,0.0,1.222951199997624,125
160,time,47,15,ga,13.432834137064075,13.432834137064075,0.0,1.083354499998677,125
160,time,48,5,dijkstra,12.013232747439147,12.013232747439147,0.0,0.0004269999990356155,0
160,time,48,5,qpso,12.013232747439147,12.013232747439147,0.0,0.21587819999695057,26
160,time,48,5,qpso cold,12.013232747439147,12.013232747439147,0.0,0.20757960000628373,26
160,time,48,5,qpso big,12.013232747439147,12.013232747439147,0.0,0.5023723000049358,26
160,time,48,5,pso,12.013232747439147,12.013232747439147,0.0,0.06874140000581974,26
160,time,48,5,ga,12.013232747439147,12.013232747439147,0.0,0.4343070999966585,26
160,time,49,21,dijkstra,19.29107871741259,19.29107871741259,0.0,0.0004571999961626716,0
160,time,49,21,qpso,27.200591355759396,19.29107871741259,41.00088312431949,0.6402887999938685,133
160,time,49,21,qpso cold,23.88682141213625,19.29107871741259,23.823150390109777,0.9709250000014435,133
160,time,49,21,qpso big,24.349971251376633,19.29107871741259,26.224000264939914,6.3090452999967965,133
160,time,49,21,pso,25.37949892552824,19.29107871741259,31.560807445257566,1.1309925999958068,133
160,time,49,21,ga,21.641115669771047,19.29107871741259,12.181988300308259,0.6049194000006537,133
300,time,0,17,dijkstra,15.265776642543393,15.265776642543393,0.0,0.0005832000024383888,0
300,time,0,17,qpso,15.883438646052156,15.265776642543393,4.046056862822376,0.2660611000028439,127
300,time,0,17,qpso cold,19.74838305406568,15.265776642543393,29.363762594494837,0.4264008999962243,127
300,time,0,17,qpso big,15.559338765901302,15.265776642543393,1.9230081130611825,1.1474107000030926,127
300,time,0,17,pso,16.512293183125717,15.265776642543393,8.165431538599037,0.3946164000008139,127
300,time,0,17,ga,15.991006372659301,15.265776642543393,4.750690037575966,0.49006870000448544,127
300,time,1,11,dijkstra,8.990414675813913,8.990414675813913,0.0,0.0005081000053905882,0
300,time,1,11,qpso,8.990414675813913,8.990414675813913,0.0,0.18970750000153203,77
300,time,1,11,qpso cold,8.990414675813913,8.990414675813913,0.0,0.6040505999990273,77
300,time,1,11,qpso big,8.990414675813913,8.990414675813913,0.0,0.9507038000010652,77
300,time,1,11,pso,8.990414675813913,8.990414675813913,0.0,0.5025356000041938,77
300,time,1,11,ga,8.990414675813913,8.990414675813913,0.0,0.726096399994276,77
300,time,2,11,dijkstra,10.583513379874049,10.583513379874049,0.0,0.00046129999827826396,0
300,time,2,11,qpso,10.950488056603884,10.583513379874049,3.4674182717781274,0.22706150000158232,90
300,time,2,11,qpso cold,11.202940983571612,10.583513379874049,5.852759678798976,0.5400254999985918,90
300,time,2,11,qpso big,10.583513379874049,10.583513379874049,0.0,0.8314462999987882,90
300,time,2,11,pso,10.583513379874049,10.583513379874049,0.0,0.3404467000000295,90
300,time,2,11,ga,11.119461064895606,10.583513379874049,5.063986464463997,0.46712660000048345,90
300,time,3,8,dijkstra,5.804471465239362,5.804471465239362,0.0,0.0003026999984285794,0
300,time,3,8,qpso,5.90505687547238,5.804471465239362,1.7328952486954818,0.1313905999995768,50
300,time,3,8,qpso cold,5.804471465239362,5.804471465239362,0.0,0.21872820000135107,50
300,time,3,8,qpso big,5.804471465239362,5.804471465239362,0.0,0.8430157000038889,50
300,time,3,8,pso,5.804471465239362,5.804471465239362,0.0,0.16708179999841377,50
300,time,3,8,ga,6.0482429035294585,5.804471465239362,4.199718092335283,0.3326011000026483,50
300,time,4,12,dijkstra,9.532847957362133,9.532847957362133,0.0,0.00040350000199396163,0
300,time,4,12,qpso,9.839873599719184,9.532847957362133,3.22071267401194,0.3425571999978274,60
300,time,4,12,qpso cold,9.532847957362133,9.532847957362133,0.0,0.24614900000597117,60
300,time,4,12,qpso big,9.839873599719184,9.532847957362133,3.22071267401194,1.488587699997879,60
300,time,4,12,pso,9.839873599719184,9.532847957362133,3.22071267401194,0.29280160000053,60
300,time,4,12,ga,9.839873599719184,9.532847957362133,3.22071267401194,0.4039247000036994,60
300,time,5,9,dijkstra,10.764802579573413,10.764802579573413,0.0,0.00039039999683154747,0
300,time,5,9,qpso,10.764802579573413,10.764802579573413,0.0,0.6910324999989825,86
300,time,5,9,qpso cold,11.87737104640983,10.764802579573413,10.33524264483545,0.9750685000035446,86
300,time,5,9,qpso big,10.764802579573413,10.764802579573413,0.0,2.9882293999980902,86
300,time,5,9,pso,10.764802579573413,10.764802579573413,0.0,0.5184064000059152,86
300,time,5,9,ga,10.764802579573413,10.764802579573413,0.0,0.8893481999984942,86
300,time,6,18,dijkstra,17.92744649095203,17.92744649095203,0.0,0.0010381000029155985,0
300,time,6,18,qpso,19.016455115397346,17.92744649095203,6.074532839882905,0.25019069999689236,190
300,time,6,18,qpso cold,24.295050828346074,17.92744649095203,35.518746858944866,0.36920200000167824,190
300,time,6,18,qpso big,18.853599195212794,17.92744649095203,5.166116126622907,1.137724200001685,190
300,time,6,18,pso,18.234472133309076,17.92744649095203,1.712601080761851,0.41704319999553263,190
300,time,6,18,ga,18.666364886227736,17.92744649095203,4.121715804025068,0.49391730000206735,190
300,time,7,7,dijkstra,6.95204751933887,6.95204751933887,0.0,0.0002932999996119179,0
300,time,7,7,qpso,6.95204751933887,6.95204751933887,0.0,0.13775580000219634,35
300,time,7,7,qpso cold,6.95204751933887,6.95204751933887,0.0,0.10386840000137454,35
300,time,7,7,qpso big,7.280884215961586,6.95204751933887,4.730069748631232,0.6649869999964722,35
300,time,7,7,pso,6.95204751933887,6.95204751933887,0.0,0.14906840000185184,35
300,time,7,7,ga,6.95204751933887,6.95204751933887,0.0,0.3694260000047507,35
300,time,8,7,dijkstra,6.6243625315379715,6.6243625315379715,0.0,0.00026819999766303226,0
300,time,8,7,qpso,6.6243625315379715,6.6243625315379715,0.0,0.20221999999921536,49
300,time,8,7,qpso cold,6.6243625315379715,6.6243625315379715,0.0,0.22457099999883212,49
300,time,8,7,qpso big,6.6243625315379715,6.6243625315379715,0.0,1.1313307999953395,49
300,time,8,7,pso,6.6243625315379715,6.6243625315379715,0.0,0.17651460000342922,49
300,time,8,7,ga,6.6243625315379715,6.6243625315379715,0.0,0.32670170000346843,49
300,time,9,20,dijkstra,14.363644417824629,14.363644417824629,0.0,0.0008556000029784627,0
300,time,9,20,qpso,15.426961991637144,14.363644417824629,7.40283971728642,0.2638821000000462,204
300,time,9,20,qpso cold,18.551164440777146,14.363644417824629,29.15360406552529,0.4097070000061649,204
300,time,9,20,qpso big,16.52774643962977,14.363644417824629,15.0665246148783,1.14576279999892,204
300,time,9,20,pso,14.552588894601032,14.363644417824629,1.3154354931115608,0.516488199995365,204
300,time,9,20,ga,14.96100362731829,14.363644417824629,4.1588276075141835,0.5477994999964722,204
300,time,10,5,dijkstra,3.6978013655965762,3.6978013655965762,0.0,9.360000694869086e-05,0
300,time,10,5,qpso,3.6978013655965762,3.6978013655965762,0.0,0.06340780000027735,15
300,time,10,5,qpso cold,3.6978013655965762,3.6978013655965762,0.0,0.06995109999843407,15
300,time,10,5,qpso big,3.6978013655965762,3.6978013655965762,0.0,0.3411820999972406,15
300,time,10,5,pso,3.6978013655965762,3.6978013655965762,0.0,0.06823179999628337,15
300,time,10,5,ga,3.6978013655965762,3.6978013655965762,0.0,0.3036897999991197,15
300,time,11,5,dijkstra,5.4137487849544526,5.4137487849544526,0.0,0.00012430000060703605,0
300,time,11,5,qpso,5.4137487849544526,5.4137487849544526,0.0,0.08138520000647986,15
300,time,11,5,qpso cold,5.4137487849544526,5.4137487849544526,0.0,0.0966201999981422,15
300,time,11,5,qpso big,5.4137487849544526,5.4137487849544526,0.0,0.5141800999990664,15
300,time,11,5,pso,5.4137487849544526,5.4137487849544526,0.0,0.10077779999846825,15
300,time,11,5,ga,5.4137487849544526,5.4137487849544526,0.0,0.31590629999845987,15
300,time,12,13,dijkstra,10.7918198875161,10.7918198875161,0.0,0.0006454000031226315,0
300,time,12,13,qpso,12.588911031135545,10.7918198875161,16.65234559463235,0.9136055999988457,103
300,time,12,13,qpso cold,12.66218095487048,10.7918198875161,17.3312850552482,0.26545440000336384,103
300,time,12,13,qpso big,12.641550534967685,10.7918198875161,17.14011785529649,1.0763309000030858,103
300,time,12,13,pso,12.990245922327137,10.7918198875161,20.371226148373367,0.491809999999532,103
300,time,12,13,ga,12.294799000457761,10.7918198875161,13.927021842537389,1.37986720000481,103
300,time,13,21,dijkstra,19.086351153791586,19.086351153791586,0.0,0.000495300002512522,0
300,time,13,21,qpso,19.275295630567985,19.086351153791586,0.9899455126542843,0.3615131999977166,230
300,time,13,21,qpso cold,25.960917221234592,19.086351153791586,36.01823110163905,2.0185845000014524,230
300,time,13,21,qpso big,20.286020294285546,19.086351153791586,6.285481865168556,1.3274609000000055,230
300,time,13,21,pso,19.275295630567985,19.086351153791586,0.9899455126542843,0.7556102000016836,230
300,time,13,21,ga,19.275295630567985,19.086351153791586,0.9899455126542843,0.5639445999986492,230
300,time,14,12,dijkstra,10.433531361565253,10.433531361565253,0.0,0.0005740999986301176,0
300,time,14,12,qpso,10.736029969234552,10.433531361565253,2.899292647776337,0.7172128000020166,75
300,time,14,12,qpso cold,10.736029969234552,10.433531361565253,2.899292647776337,0.6985523999974248,75
300,time,14,12,qpso big,10.73573448023686,10.433531361565253,2.8964605386135647,2.9805312999960734,75
300,time,14,12,pso,10.736029969234552,10.433531361565253,2.899292647776337,0.6716040999963298,75
300,time,14,12,ga,10.736029969234552,10.433531361565253,2.899292647776337,1.022822000006272,75
300,time,15,22,dijkstra,18.42568062615771,18.42568062615771,0.0,0.001146299997344613,0
300,time,15,22,qpso,19.11612399601721,18.42568062615771,3.7471797317452764,0.36654859999543987,233
300,time,15,22,qpso cold,21.273527521540103,18.42568062615771,15.45585725251036,0.8050709000017378,233
300,time,15,22,qpso big,19.296284035826805,18.42568062615771,4.724945728371937,1.3215185000008205,233
300,time,15,22,pso,18.668864194781655,18.42568062615771,1.3198077919505076,0.6854029000023729,233
300,time,15,22,ga,18.63901642671921,18.42568062615771,1.1578177484452872,0.49247180000384105,233
300,time,16,20,dijkstra,20.854360693208417,20.854360693208417,0.0,0.0011312999995425344,0
300,time,16,20,qpso,21.319365024412587,20.854360693208417,2.229770253065619,0.3021822999944561,225
300,time,16,20,qpso cold,35.063887457103,20.854360693208417,68.13695693161269,0.44769950000045355,225
300,time,16,20,qpso big,21.194904332497305,20.854360693208417,1.6329612990715783,1.3109807000000728,225
300,time,16,20,pso,21.766850487043154,20.854360693208417,4.375534725127802,0.5872541999997338,225
300,time,16,20,ga,22.814930064062395,20.854360693208417,9.401244179556516,0.538141999997606,225
300,time,17,12,dijkstra,10.47975286984236,10.47975286984236,0.0,0.0004209000035189092,0
300,time,17,12,qpso,10.89235055187992,10.47975286984236,3.937093623885875,0.1657368000014685,72
300,time,17,12,qpso cold,10.89235055187992,10.47975286984236,3.937093623885875,0.2709734000018216,72
300,time,17,12,qpso big,10.47975286984236,10.47975286984236,0.0,1.2125326999957906,72
300,time,17,12,pso,10.786778512199408,10.47975286984236,2.9297030776420128,0.17399440000008326,72
300,time,17,12,ga,10.786778512199408,10.47975286984236,2.9297030776420128,0.40536579999752576,72
300,time,18,11,dijkstra,10.251874270418792,10.251874270418792,0.0,0.00031940000189933926,0
300,time,18,11,qpso,11.17671502212091,10.251874270418792,9.021187026948752,0.1974028000040562,109
300,time,18,11,qpso cold,11.905879414000792,10.251874270418792,16.13368541159872,0.18578189999971073,109
300,time,18,11,qpso big,10.603184639415431,10.251874270418792,3.426791625901281,0.9087595999953919,109
300,time,18,11,pso,11.362268243380218,10.251874270418792,10.831131397752358,0.3112512000006973,109
300,time,18,11,ga,10.603184639415431,10.251874270418792,3.426791625901281,0.43061699999816483,109
300,time,19,22,dijkstra,20.54855327523406,20.54855327523406,0.0,0.0006848999983048998,0
300,time,19,22,qpso,22.556744460186504,20.54855327523406,9.772907893096285,0.3923080999957165,227
300,time,19,22,qpso cold,24.48003893280395,20.54855327523406,19.13266401245033,0.50073120000161,227
300,time,19,22,qpso big,23.44520108541854,20.54855327523406,14.096602185982773,1.4624621999973897,227
300,time,19,22,pso,22.41074370477934,20.54855327523406,9.062391909554362,0.44950179999432294,227
300,time,19,22,ga,21.486410850909206,20.54855327523406,4.564105137296889,0.7269425999984378,227
300,time,20,7,dijkstra,7.175106840866204,7.175106840866204,0.0,0.00043820000428240746,0
300,time,20,7,qpso,7.175106840866204,7.175106840866204,0.0,0.13222950000636047,50
300,time,20,7,qpso cold,7.175106840866204,7.175106840866204,0.0,0.14707649999763817,50
300,time,20,7,qpso big,7.175106840866204,7.175106840866204,0.0,1.4460170000020298,50
300,time,20,7,pso,7.175106840866204,7.175106840866204,0.0,0.19549289999849861,50
300,time,20,7,ga,7.175106840866204,7.175106840866204,0.0,0.3776796000020113,50
300,time,21,10,dijkstra,9.808389078225376,9.808389078225376,0.0,0.0001747999995131977,0
300,time,21,10,qpso,9.808389078225376,9.808389078225376,0.0,0.18796629999997094,65
300,time,21,10,qpso cold,9.808389078225376,9.808389078225376,0.0,0.17715680000401335,65
300,time,21,10,qpso big,9.808389078225376,9.808389078225376,0.0,2.1659727999940515,65
300,time,21,10,pso,11.195842561061493,9.808389078225376,14.145579582647912,0.5109746000016457,65
300,time,21,10,ga,9.808389078225376,9.808389078225376,0.0,0.4068215000006603,65
300,time,22,4,dijkstra,3.456758847101464,3.456758847101464,0.0,0.00016660000255797058,0
300,time,22,4,qpso,3.456758847101464,3.456758847101464,0.0,0.08744489999662619,12
300,time,22,4,qpso cold,3.456758847101464,3.456758847101464,0.0,0.07787459999963176,12
300,time,22,4,qpso big,3.456758847101464,3.456758847101464,0.0,0.36263559999497375,12
300,time,22,4,pso,3.456758847101464,3.456758847101464,0.0,0.04667150000022957,12
300,time,22,4,ga,3.456758847101464,3.456758847101464,0.0,0.3509388999955263,12
300,time,23,7,dijkstra,6.381143303058141,6.381143303058141,0.0,0.00027770000451710075,0
300,time,23,7,qpso,6.381143303058141,6.381143303058141,0.0,0.29357339999842225,42
300,time,23,7,qpso cold,6.381143303058141,6.381143303058141,0.0,0.31180480000330135,42
300,time,23,7,qpso big,6.381143303058141,6.381143303058141,0.0,2.0528000999984215,42
300,time,23,7,pso,6.381143303058141,6.381143303058141,0.0,0.40200650000042515,42
300,time,23,7,ga,6.381143303058141,6.381143303058141,0.0,0.6865717999971821,42
300,time,24,17,dijkstra,16.44572548368213,16.44572548368213,0.0,0.00044440000056056306,0
300,time,24,17,qpso,16.62016819621083,16.44572548368213,1.0607176478884337,0.2376483999978518,109
300,time,24,17,qpso cold,19.048515223495777,16.44572548368213,15.826542540772694,1.1249614999978803,109
300,time,24,17,qpso big,17.503540457895784,16.44572548368213,6.432157555245873,1.3543891999943298,109
300,time,24,17,pso,17.775547932533105,16.44572548368213,8.086128217149557,0.5323587999955635,109
300,time,24,17,ga,16.835648247971186,16.44572548368213,2.370967244199404,1.4553295000005164,109
300,time,25,12,dijkstra,11.758889802353533,11.758889802353533,0.0,0.000458099995739758,0
300,time,25,12,qpso,11.758889802353533,11.758889802353533,0.0,0.17957960000057938,71
300,time,25,12,qpso cold,11.969131451888707,11.758889802353533,1.7879379181961064,0.21740769999451004,71
300,time,25,12,qpso big,11.758889802353533,11.758889802353533,0.0,0.8475401000032434,71
300,time,25,12,pso,11.758889802353533,11.758889802353533,0.0,0.18315650000295136,71
300,time,25,12,ga,11.758889802353533,11.758889802353533,0.0,0.4318439999988186,71
300,time,26,14,dijkstra,16.931184238542034,16.931184238542034,0.0,0.00035059999936493114,0
300,time,26,14,qpso,17.499488375263248,16.931184238542034,3.3565527887147413,0.2092899999988731,119
300,time,26,14,qpso cold,17.78471126503512,16.931184238542034,5.041153734244551,0.21419949999835808,119
300,time,26,14,qpso big,16.931184238542034,16.931184238542034,0.0,0.9995647000032477,119
300,time,26,14,pso,16.931184238542034,16.931184238542034,0.0,0.3396991999979946,119
300,time,26,14,ga,16.931184238542034,16.931184238542034,0.0,0.4896647999994457,119
300,time,27,21,dijkstra,19.143227955117524,19.143227955117524,0.0,0.0009117000008700415,0
300,time,27,21,qpso,24.411187796949903,19.143227955117524,27.51866014542289,1.0577869000044302,223
300,time,27,21,qpso cold,24.025014622362086,19.143227955117524,25.501376667979983,0.45811529999627965,223
300,time,27,21,qpso big,19.188235823880433,19.143227955117524,0.23511117805436188,1.4497048999983235,223
300,time,27,21,pso,19.919983326731213,19.143227955117524,4.057598715508375,0.35849070000404026,223
300,time,27,21,ga,20.62046120763585,19.143227955117524,7.716740645735341,0.6372497999982443,223
300,time,28,12,dijkstra,8.164202005507754,8.164202005507754,0.0,0.000531300000147894,0
300,time,28,12,qpso,8.164202005507754,8.164202005507754,0.0,0.43189459999848623,90
300,time,28,12,qpso cold,8.164202005507754,8.164202005507754,0.0,0.4037504000007175,90
300,time,28,12,qpso big,8.164202005507754,8.164202005507754,0.0,1.9992949000006774,90
300,time,28,12,pso,8.599403827312365,8.164202005507754,5.330610652590593,0.215235899995605,90
300,time,28,12,ga,8.566301518147647,8.164202005507754,4.925153889732611,0.3723549999995157,90
300,time,29,16,dijkstra,16.561135308008037,16.561135308008037,0.0,0.0005584000027738512,0
300,time,29,16,qpso,21.941924809742606,16.561135308008037,32.49046277118888,0.359709100004693,167
300,time,29,16,qpso cold,21.109623846010482,16.561135308008037,27.46483531115799,0.3965487000023131,167
300,time,29,16,qpso big,19.480334206756154,16.561135308008037,17.626804228430863,7.90212320000137,167
300,time,29,16,pso,21.259225008613203,16.561135308008037,28.36816204462404,0.7990454000027967,167
300,time,29,16,ga,17.587599694571583,16.561135308008037,6.198031520624107,0.657914499999606,167
300,time,30,13,dijkstra,9.450812700312753,9.450812700312753,0.0,0.0004650999981095083,0
300,time,30,13,qpso,9.461221056704135,9.450812700312753,0.11013186613081133,0.7332870999962324,90
300,time,30,13,qpso cold,10.809686516741579,9.450812700312753,14.378380563862589,0.20193220000510337,90
300,time,30,13,qpso big,9.450812700312753,9.450812700312753,0.0,1.8757918999981484,90
300,time,30,13,pso,9.875284159566155,9.450812700312753,4.491375215163825,0.6963465000008,90
300,time,30,13,ga,9.450812700312753,9.450812700312753,0.0,1.0582947000002605,90
300,time,31,4,dijkstra,3.4494356805032167,3.4494356805032167,0.0,8.460000390186906e-05,0
300,time,31,4,qpso,3.4494356805032167,3.4494356805032167,0.0,0.08936720000201603,13
300,time,31,4,qpso cold,3.4494356805032167,3.4494356805032167,0.0,0.07957560000068042,13
300,time,31,4,qpso big,3.4494356805032167,3.4494356805032167,0.0,0.3731312000018079,13
300,time,31,4,pso,3.4494356805032167,3.4494356805032167,0.0,0.07260290000704117,13
300,time,31,4,ga,3.4494356805032167,3.4494356805032167,0.0,0.3500819999972009,13
300,time,32,6,dijkstra,5.040084109769262,5.040084109769262,0.0,0.0002344999957131222,0
300,time,32,6,qpso,5.040084109769262,5.040084109769262,0.0,0.11773899999388959,27
300,time,32,6,qpso cold,5.040084109769262,5.040084109769262,0.0,0.1381044000008842,27
300,time,32,6,qpso big,5.040084109769262,5.040084109769262,0.0,0.47339669999928446,27
300,time,32,6,pso,5.040084109769262,5.040084109769262,0.0,0.11665100000391249,27
300,time,32,6,ga,5.040084109769262,5.040084109769262,0.0,0.4557275999977719,27
300,time,33,7,dijkstra,7.252461332205364,7.252461332205364,0.0,0.00020059999951627105,0
300,time,33,7,qpso,7.252461332205364,7.252461332205364,0.0,0.12338849999650847,48
300,time,33,7,qpso cold,7.252461332205364,7.252461332205364,0.0,0.10483589999785181,48
300,time,33,7,qpso big,7.252461332205364,7.252461332205364,0.0,0.700178799997957,48
300,time,33,7,pso,7.318192171220554,7.252461332205364,0.90632457043659,0.10975780000444502,48
300,time,33,7,ga,7.252461332205364,7.252461332205364,0.0,0.27003980000154115,48
300,time,34,7,dijkstra,5.260595873470924,5.260595873470924,0.0,0.00018730000010691583,0
300,time,34,7,qpso,5.260595873470924,5.260595873470924,0.0,0.12755360000301152,32
300,time,34,7,qpso cold,5.260595873470924,5.260595873470924,0.0,0.12835739999718498,32
300,time,34,7,qpso big,5.260595873470924,5.260595873470924,0.0,0.6378915000022971,32
300,time,34,7,pso,5.260595873470924,5.260595873470924,0.0,0.11857900000177324,32
300,time,34,7,ga,5.884236131891807,5.260595873470924,11.85493570349868,0.32357090000004973,32
300,time,35,14,dijkstra,12.444528055392562,12.444528055392562,0.0,0.0005155000035301782,0
300,time,35,14,qpso,13.277733308377934,12.444528055392562,6.695354370022264,0.2484511000002385,157
300,time,35,14,qpso cold,15.334238560734788,12.444528055392562,23.22073197536835,0.2561864000017522,157
300,time,35,14,qpso big,12.751553697749612,12.444528055392562,2.467153764212117,0.9906561000025249,157
300,time,35,14,pso,12.785071694681447,12.444528055392562,2.7364930013663162,0.27541990000463556,157
300,time,35,14,ga,13.533536679837878,12.444528055392562,8.750903365703921,0.46301390000007814,157
300,time,36,14,dijkstra,11.147350198976811,11.147350198976811,0.0,0.0006721000027027912,0
300,time,36,14,qpso,11.462006604297711,11.147350198976811,2.8227013568639956,0.20882980000169482,173
300,time,36,14,qpso cold,12.565550409924047,11.147350198976811,12.72230786359801,0.23187969999708002,173
300,time,36,14,qpso big,11.462006604297711,11.147350198976811,2.8227013568639956,1.0662630000006175,173
300,time,36,14,pso,11.462006604297711,11.147350198976811,2.8227013568639956,0.41433410000172444,173
300,time,36,14,ga,11.147350198976811,11.147350198976811,0.0,0.5778873000017484,173
300,time,37,9,dijkstra,7.318112897471968,7.318112897471968,0.0,0.0001975999985006638,0
300,time,37,9,qpso,7.318112897471968,7.318112897471968,0.0,0.14505909999570576,37
300,time,37,9,qpso cold,7.318112897471968,7.318112897471968,0.0,0.148567299998831,37
300,time,37,9,qpso big,7.318112897471968,7.318112897471968,0.0,0.8505421000008937,37
300,time,37,9,pso,7.318112897471968,7.318112897471968,0.0,0.1745223999969312,37
300,time,37,9,ga,7.318112897471968,7.318112897471968,0.0,0.4976145999971777,37
300,time,38,14,dijkstra,13.72393999293094,13.72393999293094,0.0,0.0006051000018487684,0
300,time,38,14,qpso,14.317082010647699,13.72393999293094,4.32195140770274,0.24866479999764124,192
300,time,38,14,qpso cold,20.977680990434408,13.72393999293094,52.8546539932395,0.38238730000011856,192
300,time,38,14,qpso big,13.72393999293094,13.72393999293094,0.0,1.2805126000021119,192
300,time,38,14,pso,13.883341252630252,13.72393999293094,1.1614832167833558,0.3571442000029492,192
300,time,38,14,ga,14.090914669660776,13.72393999293094,2.673974652460303,0.5546080999993137,192
300,time,39,6,dijkstra,6.165803646462253,6.165803646462253,0.0,0.00026509999588597566,0
300,time,39,6,qpso,6.165803646462253,6.165803646462253,0.0,0.13393579999683425,28
300,time,39,6,qpso cold,6.165803646462253,6.165803646462253,0.0,0.176016500001424,28
300,time,39,6,qpso big,6.165803646462253,6.165803646462253,0.0,0.814416599998367,28
300,time,39,6,pso,6.165803646462253,6.165803646462253,0.0,0.16015650000190362,28
300,time,39,6,ga,6.165803646462253,6.165803646462253,0.0,0.44263540000247303,28
300,time,40,22,dijkstra,19.151205573955213,19.151205573955213,0.0,0.0007282000005943701,0
300,time,40,22,qpso,21.587515906078014,19.151205573955213,12.72144629597666,0.3173151999944821,264
300,time,40,22,qpso cold,24.608702044748238,19.151205573955213,28.4968820877521,1.2130312000008416,264
300,time,40,22,qpso big,20.278990452824946,19.151205573955213,5.888845349785551,3.3356790999969235,264
300,time,40,22,pso,19.298176311713938,19.151205573955213,0.7674229029142609,1.5148923000015202,264
300,time,40,22,ga,19.687112819070883,19.151205573955213,2.7982950892892084,0.6331664999961504,264
300,time,41,5,dijkstra,6.013153327783237,6.013153327783237,0.0,0.00022989999706624076,0
300,time,41,5,qpso,6.013153327783237,6.013153327783237,0.0,0.10180039999977453,17
300,time,41,5,qpso cold,6.013153327783237,6.013153327783237,0.0,0.1336278000017046,17
300,time,41,5,qpso big,6.013153327783237,6.013153327783237,0.0,0.3982075000021723,17
300,time,41,5,pso,6.013153327783237,6.013153327783237,0.0,0.08819230000517564,17
300,time,41,5,ga,6.013153327783237,6.013153327783237,0.0,0.42091720000462374,17
300,time,42,6,dijkstra,6.921062091407511,6.921062091407511,0.0,0.000375300005543977,0
300,time,42,6,qpso,6.921062091407511,6.921062091407511,0.0,0.29161110000131885,45
300,time,42,6,qpso cold,6.921062091407511,6.921062091407511,0.0,0.28250789999583503,45
300,time,42,6,qpso big,6.921062091407511,6.921062091407511,0.0,1.0318932000009227,45
300,time,42,6,pso,6.921062091407511,6.921062091407511,0.0,0.2428135000009206,45
300,time,42,6,ga,6.921062091407511,6.921062091407511,0.0,0.43634100000053877,45
300,time,43,12,dijkstra,8.655394913738238,8.655394913738238,0.0,0.00047360000462504104,0
300,time,43,12,qpso,8.812363859416203,8.655394913738238,1.813538807210483,0.25582980000035604,53
300,time,43,12,qpso cold,8.655394913738238,8.655394913738238,0.0,0.410264999998617,53
300,time,43,12,qpso big,8.655394913738238,8.655394913738238,0.0,2.2223879999946803,53
300,time,43,12,pso,8.775484293117788,8.655394913738238,1.3874511859526912,0.31937460000335705,53
300,time,43,12,ga,8.812363859416203,8.655394913738238,1.813538807210483,0.6275119999991148,53
300,time,44,25,dijkstra,16.676514948401827,16.676514948401827,0.0,0.0012271999949007295,0
300,time,44,25,qpso,20.63186861431784,16.676514948401827,23.718107039475097,0.6998944999941159,206
300,time,44,25,qpso cold,22.163902076932146,16.676514948401827,32.90487937982627,0.6161915999982739,206
300,time,44,25,qpso big,17.90372690252284,16.676514948401827,7.358923359695258,2.0101145999942673,206
300,time,44,25,pso,17.217757974322776,16.676514948401827,3.245540375765489,0.5681643999996595,206
300,time,44,25,ga,16.772154328876177,16.676514948401827,0.5734974050049627,0.7206074999994598,206
300,time,45,12,dijkstra,7.6996022986695385,7.6996022986695385,0.0,0.00044270000216783956,0
300,time,45,12,qpso,7.6996022986695385,7.6996022986695385,0.0,0.25198319999617524,99
300,time,45,12,qpso cold,9.251989224733501,7.6996022986695385,20.161910522731922,0.1778619000033359,99
300,time,45,12,qpso big,7.943373736959636,7.6996022986695385,3.166026358688942,1.1705784000005224,99
300,time,45,12,pso,7.800187708902556,7.6996022986695385,1.3063715024657663,0.21231249999982538,99
300,time,45,12,ga,7.800187708902556,7.6996022986695385,1.3063715024657663,0.40518729999894276,99
300,time,46,7,dijkstra,7.841487261284357,7.841487261284357,0.0,0.00016479999612784013,0
300,time,46,7,qpso,7.841487261284357,7.841487261284357,0.0,0.11826540000038221,16
300,time,46,7,qpso cold,7.841487261284357,7.841487261284357,0.0,0.17482990000280552,16
300,time,46,7,qpso big,7.841487261284357,7.841487261284357,0.0,0.6359694999991916,16
300,time,46,7,pso,7.841487261284357,7.841487261284357,0.0,0.13416859999415465,16
300,time,46,7,ga,7.841487261284357,7.841487261284357,0.0,0.35924579999846173,16
300,time,47,12,dijkstra,10.246155643009761,10.246155643009761,0.0,0.000356099997588899,0
300,time,47,12,qpso,10.36450203514405,10.246155643009761,1.155032153108351,0.2901294000039343,77
300,time,47,12,qpso cold,10.312520705812537,10.246155643009761,0.6477069558088542,0.3898973000032129,77
300,time,47,12,qpso big,10.246155643009761,10.246155643009761,0.0,1.3242523000008077,77
300,time,47,12,pso,10.298136972341274,10.246155643009761,0.5073251972994967,0.17703169999731472,77
300,time,47,12,ga,10.312520705812537,10.246155643009761,0.6477069558088542,0.6132912000030046,77
300,time,48,15,dijkstra,12.01489190105596,12.01489190105596,0.0,0.0006198000046424568,0
300,time,48,15,qpso,12.678121431004476,12.01489190105596,5.52006239765026,0.21393560000433354,128
300,time,48,15,qpso cold,13.158853490632094,12.01489190105596,9.521197518852373,0.5352793999991263,128
300,time,48,15,qpso big,12.01489190105596,12.01489190105596,0.0,1.0536819999979343,128
300,time,48,15,pso,12.75131392733954,12.01489190105596,6.129243877915027,0.28797599999961676,128
300,time,48,15,ga,13.246425567725689,12.01489190105596,10.250060315245062,0.5420395999972243,128
300,time,49,16,dijkstra,16.01938873553486,16.01938873553486,0.0,0.0005345000026864,0
300,time,49,16,qpso,16.359932374823746,16.01938873553486,2.1258216834046695,0.23696539999946253,194
300,time,49,16,qpso cold,24.333263886209792,16.01938873553486,51.89882889996142,0.6828344000023208,194
300,time,49,16,qpso big,16.326414377891908,16.01938873553486,1.9165877514164458,1.1801550000018324,194
300,time,49,16,pso,16.326414377891908,16.01938873553486,1.9165877514164458,0.4765399999960209,194
300,time,49,16,ga,16.359932374823746,16.01938873553486,2.1258216834046695,0.5264084000009461,194
80,blend,0,12,dijkstra,9.462333176273818,9.462333176273818,0.0,0.0003173000004608184,0
80,blend,0,12,qpso,10.07294364059156,9.462333176273818,6.453064513188022,0.21149709999735933,62
80,blend,0,12,qpso cold,9.662527379700633,9.462333176273818,2.1156959884776474,0.29207859999587527,62
80,blend,0,12,qpso big,10.273137844018375,9.462333176273818,8.568760501665668,0.9821895999994013,62
80,blend,0,12,pso,11.020658137236888,9.462333176273818,16.468717935978706,0.14396719999786,62
80,blend,0,12,ga,11.418067428112206,9.462333176273818,20.668625965763535,0.4879157999966992,62
80,blend,1,9,dijkstra,8.44746257565862,8.44746257565862,0.0,0.00023920000239741057,0
80,blend,1,9,qpso,8.485303955491453,8.44746257565862,0.44796149724147794,0.14883600000030128,45
80,blend,1,9,qpso cold,8.485303955491453,8.44746257565862,0.44796149724147794,0.17719249999936437,45
80,blend,1,9,qpso big,8.485303955491453,8.44746257565862,0.44796149724147794,0.8121133999957237,45
80,blend,1,9,pso,8.485303955491453,8.44746257565862,0.44796149724147794,0.1763920000012149,45
80,blend,1,9,ga,8.485303955491453,8.44746257565862,0.44796149724147794,0.3684699000004912,45
80,blend,2,4,dijkstra,8.832863442673949,8.832863442673949,0.0,0.00034299999970244244,0
80,blend,2,4,qpso,8.832863442673949,8.832863442673949,0.0,0.06351770000037504,21
80,blend,2,4,qpso cold,8.832863442673949,8.832863442673949,0.0,0.076947100002144,21
80,blend,2,4,qpso big,8.832863442673949,8.832863442673949,0.0,0.3569307999932789,21
80,blend,2,4,pso,8.832863442673949,8.832863442673949,0.0,0.06658759999845643,21
80,blend,2,4,ga,8.832863442673949,8.832863442673949,0.0,0.4112055000005057,21
80,blend,3,4,dijkstra,4.226586601650814,4.226586601650814,0.0,0.00021890000061830506,0
80,blend,3,4,qpso,4.226586601650814,4.226586601650814,0.0,0.0973630000007688,14
80,blend,3,4,qpso cold,4.226586601650814,4.226586601650814,0.0,0.09156870000151685,14
80,blend,3,4,qpso big,4.226586601650814,4.226586601650814,0.0,0.39886870000191266,14
80,blend,3,4,pso,4.226586601650814,4.226586601650814,0.0,0.07175730000017211,14
80,blend,3,4,ga,4.226586601650814,4.226586601650814,0.0,0.34302040000329725,14
80,blend,4,8,dijkstra,8.360208398108524,8.360208398108524,0.0,0.0004425000006449409,0
80,blend,4,8,qpso,8.360208398108524,8.360208398108524,0.0,0.17179699999542208,64
80,blend,4,8,qpso cold,8.71248052668373,8.360208398108524,4.213676403747391,0.22589639999932842,64
80,blend,4,8,qpso big,8.360208398108524,8.360208398108524,0.0,0.8149210999981733,64
80,blend,4,8,pso,8.360208398108524,8.360208398108524,0.0,0.14220380000188015,64
80,blend,4,8,ga,8.360208398108524,8.360208398108524,0.0,0.3935466999973869,64
80,blend,5,9,dijkstra,8.62169869260663,8.62169869260663,0.0,0.000545900002180133,0
80,blend,5,9,qpso,9.741410618170255,8.62169869260663,12.987138213538032,0.17329310000059195,33
80,blend,5,9,qpso cold,8.62169869260663,8.62169869260663,0.0,0.17206589999841526,33
80,blend,5,9,qpso big,8.62169869260663,8.62169869260663,0.0,0.7288953000024776,33
80,blend,5,9,pso,8.62169869260663,8.62169869260663,0.0,0.22285810000175843,33
80,blend,5,9,ga,8.62169869260663,8.62169869260663,0.0,0.38916299999982584,33
80,blend,6,8,dijkstra,10.202097423215026,10.202097423215026,0.0,0.0003791999988607131,0
80,blend,6,8,qpso,10.202097423215026,10.202097423215026,0.0,0.14321930000005523,70
80,blend,6,8,qpso cold,10.202097423215026,10.202097423215026,0.0,0.17504460000054678,70
80,blend,6,8,qpso big,10.202097423215026,10.202097423215026,0.0,0.6597151999958442,70
80,blend,6,8,pso,10.202097423215026,10.202097423215026,0.0,0.14996339999925112,70
80,blend,6,8,ga,10.202097423215026,10.202097423215026,0.0,0.36190699999860954,70
80,blend,7,8,dijkstra,12.128289471398336,12.128289471398336,0.0,0.0003471000018180348,0
80,blend,7,8,qpso,12.755529799944668,12.128289471398336,5.17171304350484,0.15446520000114106,39
80,blend,7,8,qpso cold,12.128289471398336,12.128289471398336,0.0,0.20804250000219326,39
80,blend,7,8,qpso big,12.128289471398336,12.128289471398336,0.0,0.7465091999983997,39
80,blend,7,8,pso,12.128289471398336,12.128289471398336,0.0,0.14410519999364624,39
80,blend,7,8,ga,12.128289471398336,12.128289471398336,0.0,0.5272679999980028,39
80,blend,8,6,dijkstra,5.845522271434133,5.845522271434133,0.0,0.0003028999999514781,0
80,blend,8,6,qpso,5.8653657118710845,5.845522271434133,0.3394639437766314,0.08095229999889852,20
80,blend,8,6,qpso cold,5.845522271434133,5.845522271434133,0.0,0.09040919999824837,20
80,blend,8,6,qpso big,5.845522271434133,5.845522271434133,0.0,0.41428170000290265,20
80,blend,8,6,pso,5.845522271434133,5.845522271434133,0.0,0.061378899998089764,20
80,blend,8,6,ga,5.8653657118710845,5.845522271434133,0.3394639437766314,0.31455560000176774,20
80,blend,9,8,dijkstra,11.592868578017555,11.592868578017555,0.0,0.0002834000042639673,0
80,blend,9,8,qpso,11.592868578017555,11.592868578017555,0.0,0.18262540000432637,50
80,blend,9,8,qpso cold,11.592868578017555,11.592868578017555,0.0,0.18181629999889992,50
80,blend,9,8,qpso big,11.592868578017555,11.592868578017555,0.0,0.7431534999996074,50
80,blend,9,8,pso,11.592868578017555,11.592868578017555,0.0,0.1599013999948511,50
80,blend,9,8,ga,11.592868578017555,11.592868578017555,0.0,0.4447527000011178,50
80,blend,10,9,dijkstra,10.67274698766929,10.67274698766929,0.0,0.0002776000037556514,0
80,blend,10,9,qpso,11.08462546864195,10.67274698766929,3.8591609212559868,0.2002040000006673,52
80,blend,10,9,qpso cold,11.08462546864195,10.67274698766929,3.8591609212559868,0.23760610000317683,52
80,blend,10,9,qpso big,11.08462546864195,10.67274698766929,3.8591609212559868,0.8561603000052855,52
80,blend,10,9,pso,11.142407339162947,10.67274698766929,4.400557345135948,0.1261397999987821,52
80,blend,10,9,ga,10.67274698766929,10.67274698766929,0.0,0.36790820000169333,52
80,blend,11,7,dijkstra,9.398657640204952,9.398657640204952,0.0,0.0002590000003692694,0
80,blend,11,7,qpso,9.398657640204952,9.398657640204952,0.0,0.15228180000121938,43
80,blend,11,7,qpso cold,9.398657640204952,9.398657640204952,0.0,0.1617504000023473,43
80,blend,11,7,qpso big,9.398657640204952,9.398657640204952,0.0,0.5997306999997818,43
80,blend,11,7,pso,9.398657640204952,9.398657640204952,0.0,0.13089690000197152,43
80,blend,11,7,ga,9.398657640204952,9.398657640204952,0.0,0.3804572000008193,43
80,blend,12,8,dijkstra,11.774787635483925,11.774787635483925,0.0,0.00027349999436410144,0
80,blend,12,8,qpso,11.774787635483925,11.774787635483925,0.0,0.14801900000020396,55
80,blend,12,8,qpso cold,11.774787635483925,11.774787635483925,0.0,0.16104750000522472,55
80,blend,12,8,qpso big,11.774787635483925,11.774787635483925,0.0,0.6427724999957718,55
80,blend,12,8,pso,11.875493804781414,11.774787635483925,0.8552695166578246,0.10713450000184821,55
80,blend,12,8,ga,11.774787635483925,11.774787635483925,0.0,0.3887465000007069,55
80,blend,13,6,dijkstra,6.872100962780603,6.872100962780603,0.0,0.0003639999995357357,0
80,blend,13,6,qpso,7.501061904423691,6.872100962780603,9.152382147025323,0.1406518000003416,47
80,blend,13,6,qpso cold,7.501061904423691,6.872100962780603,9.152382147025323,0.16265949999797158,47
80,blend,13,6,qpso big,6.872100962780603,6.872100962780603,0.0,0.7113566000043647,47
80,blend,13,6,pso,7.501061904423691,6.872100962780603,9.152382147025323,0.14803260000189766,47
80,blend,13,6,ga,6.872100962780603,6.872100962780603,0.0,0.4345175000053132,47
80,blend,14,7,dijkstra,7.815589502105011,7.815589502105011,0.0,0.00023979999969014898,0
80,blend,14,7,qpso,7.815589502105011,7.815589502105011,0.0,0.15672669999912614,56
80,blend,14,7,qpso cold,7.815589502105011,7.815589502105011,0.0,0.31740480000007665,56
80,blend,14,7,qpso big,7.815589502105011,7.815589502105011,0.0,0.7132211000061943,56
80,blend,14,7,pso,7.815589502105011,7.815589502105011,0.0,0.12011740000161808,56
80,blend,14,7,ga,7.815589502105011,7.815589502105011,0.0,0.48126509999565315,56
80,blend,15,11,dijkstra,11.63687017401035,11.63687017401035,0.0,0.0005017000003135763,0
80,blend,15,11,qpso,11.63687017401035,11.63687017401035,0.0,0.3132555999982287,68
80,blend,15,11,qpso cold,11.63687017401035,11.63687017401035,0.0,0.2025835000022198,68
80,blend,15,11,qpso big,11.63687017401035,11.63687017401035,0.0,0.8176089999979013,68
80,blend,15,11,pso,11.63687017401035,11.63687017401035,0.0,0.1971244999949704,68
80,blend,15,11,ga,11.63687017401035,11.63687017401035,0.0,0.463703200002783,68
80,blend,16,10,dijkstra,13.05710900727593,13.05710900727593,0.0,0.0005544000014197081,0
80,blend,16,10,qpso,13.184258232057214,13.05710900727593,0.9737930862829738,0.15393800000310875,76
80,blend,16,10,qpso cold,13.54928869582678,13.05710900727593,3.769438458977317,0.47836809999716934,76
80,blend,16,10,qpso big,13.184258232057214,13.05710900727593,0.9737930862829738,0.767845500005933,76
80,blend,16,10,pso,13.05710900727593,13.05710900727593,0.0,0.16905620000034105,76
80,blend,16,10,ga,13.184258232057214,13.05710900727593,0.9737930862829738,0.46539040000061505,76
80,blend,17,12,dijkstra,9.254936030160826,9.254936030160826,0.0,0.0005210000017541461,0
80,blend,17,12,qpso,9.573822144592322,9.254936030160826,3.4455788067284447,0.12072060000355123,76
80,blend,17,12,qpso cold,9.912627338609617,9.254936030160826,7.10638416414168,0.17721600000368198,76
80,blend,17,12,qpso big,9.573822144592322,9.254936030160826,3.4455788067284447,0.629625000001397,76
80,blend,17,12,pso,9.573822144592322,9.254936030160826,3.4455788067284447,0.1429160999978194,76
80,blend,17,12,ga,9.573822144592322,9.254936030160826,3.4455788067284447,0.3743341999943368,76
80,blend,18,4,dijkstra,5.340456852510573,5.340456852510573,0.0,0.0002586999980849214,0
80,blend,18,4,qpso,5.994761463487758,5.340456852510573,12.251847155540514,0.1210579000035068,23
80,blend,18,4,qpso cold,5.994761463487758,5.340456852510573,12.251847155540514,0.11118439999700058,23
80,blend,18,4,qpso big,5.340456852510573,5.340456852510573,0.0,0.4155525999958627,23
80,blend,18,4,pso,5.340456852510573,5.340456852510573,0.0,0.08153350000065984,23
80,blend,18,4,ga,5.340456852510573,5.340456852510573,0.0,0.3525098000027356,23
80,blend,19,7,dijkstra,7.340902667948797,7.340902667948797,0.0,0.00025090000417549163,0
80,blend,19,7,qpso,7.340902667948797,7.340902667948797,0.0,0.4619673000051989,61
80,blend,19,7,qpso cold,7.573140843050273,7.340902667948797,3.1636187755962646,0.18251279999822145,61
80,blend,19,7,qpso big,7.340902667948797,7.340902667948797,0.0,0.864817599998787,61
80,blend,19,7,pso,7.340902667948797,7.340902667948797,0.0,0.12113600000157021,61
80,blend,19,7,ga,7.573140843050273,7.340902667948797,3.1636187755962646,0.48459900000307243,61
80,blend,20,7,dijkstra,6.466228528717649,6.466228528717649,0.0,0.00042219999886583537,0
80,blend,20,7,qpso,6.466228528717649,6.466228528717649,0.0,0.23484019999887096,40
80,blend,20,7,qpso cold,6.466228528717649,6.466228528717649,0.0,0.2910117000064929,40
80,blend,20,7,qpso big,6.466228528717649,6.466228528717649,0.0,0.7225430999969831,40
80,blend,20,7,pso,6.466228528717649,6.466228528717649,0.0,0.12094740000611637,40
80,blend,20,7,ga,6.466228528717649,6.466228528717649,0.0,0.4371605999986059,40
80,blend,21,5,dijkstra,4.677571745158044,4.677571745158044,0.0,0.00022390000231098384,0
80,blend,21,5,qpso,4.677571745158044,4.677571745158044,0.0,0.08519529999466613,25
80,blend,21,5,qpso cold,4.677571745158044,4.677571745158044,0.0,0.07626680000248598,25
80,blend,21,5,qpso big,4.677571745158044,4.677571745158044,0.0,0.44016800000099465,25
80,blend,21,5,pso,4.677571745158044,4.677571745158044,0.0,0.07179270000051474,25
80,blend,21,5,ga,4.677571745158044,4.677571745158044,0.0,0.29413100000238046,25
80,blend,22,5,dijkstra,4.595809579183522,4.595809579183522,0.0,0.0003327999947941862,0
80,blend,22,5,qpso,4.595809579183522,4.595809579183522,0.0,0.11734319999959553,18
80,blend,22,5,qpso cold,4.595809579183522,4.595809579183522,0.0,0.09311539999907836,18
80,blend,22,5,qpso big,4.595809579183522,4.595809579183522,0.0,0.411461200004851,18
80,blend,22,5,pso,4.595809579183522,4.595809579183522,0.0,0.0870714999982738,18
80,blend,22,5,ga,4.595809579183522,4.595809579183522,0.0,0.32708999999886146,18
80,blend,23,8,dijkstra,9.845710097383773,9.845710097383773,0.0,0.0003101999973296188,0
80,blend,23,8,qpso,9.845710097383773,9.845710097383773,0.0,0.1984874000045238,31
80,blend,23,8,qpso cold,10.062497165890267,9.845710097383773,2.201842897691046,0.16426610000053188,31
80,blend,23,8,qpso big,9.845710097383773,9.845710097383773,0.0,0.5955823000040255,31
80,blend,23,8,pso,10.673111566939447,9.845710097383773,8.40367491396617,0.1503510999973514,31
80,blend,23,8,ga,10.372431286921351,9.845710097383773,5.34975318517189,0.403086300000723,31
80,blend,24,9,dijkstra,9.734004948083196,9.734004948083196,0.0,0.0005351999934646301,0
80,blend,24,9,qpso,9.734004948083196,9.734004948083196,0.0,0.1747754000025452,53
80,blend,24,9,qpso cold,9.734004948083196,9.734004948083196,0.0,0.1939194000005955,53
80,blend,24,9,qpso big,9.734004948083196,9.734004948083196,0.0,0.81228689999989,53
80,blend,24,9,pso,9.734004948083196,9.734004948083196,0.0,0.14473590000125114,53
80,blend,24,9,ga,9.734004948083196,9.734004948083196,0.0,0.403768800002581,53
80,blend,25,11,dijkstra,8.932358512258615,8.932358512258615,0.0,0.00023489999875891954,0
80,blend,25,11,qpso,8.932358512258615,8.932358512258615,0.0,0.3039312000037171,47
80,blend,25,11,qpso cold,8.932358512258615,8.932358512258615,0.0,0.31633969999529654,47
80,blend,25,11,qpso big,8.932358512258615,8.932358512258615,0.0,1.0464102999976603,47
80,blend,25,11,pso,10.000698506249584,8.932358512258615,11.960334916302319,0.16534620000311406,47
80,blend,25,11,ga,8.932358512258615,8.932358512258615,0.0,0.43092389999947045,47
80,blend,26,9,dijkstra,9.189919431432322,9.189919431432322,0.0,0.0005014999987906776,0
80,blend,26,9,qpso,9.189919431432322,9.189919431432322,0.0,0.14324020000640303,47
80,blend,26,9,qpso cold,9.781446560997953,9.189919431432322,6.43669548986934,0.12842839999939315,47
80,blend,26,9,qpso big,9.781446560997953,9.189919431432322,6.43669548986934,0.7027034000057029,47
80,blend,26,9,pso,9.412844360487925,9.189919431432322,2.425754988592521,0.14058139999542618,47
80,blend,26,9,ga,9.781446560997953,9.189919431432322,6.43669548986934,0.41478620000270894,47
80,blend,27,7,dijkstra,7.285384176635994,7.285384176635994,0.0,0.00036249999538995326,0
80,blend,27,7,qpso,7.285384176635994,7.285384176635994,0.0,0.33122950000688434,43
80,blend,27,7,qpso cold,7.285384176635994,7.285384176635994,0.0,0.2921254999964731,43
80,blend,27,7,qpso big,7.285384176635994,7.285384176635994,0.0,1.4053933000031975,43
80,blend,27,7,pso,7.285384176635994,7.285384176635994,0.0,0.2550450000053388,43
80,blend,27,7,ga,7.285384176635994,7.285384176635994,0.0,0.5758204000012483,43
80,blend,28,7,dijkstra,9.111218777579657,9.111218777579657,0.0,0.000389600005291868,0
80,blend,28,7,qpso,9.111218777579657,9.111218777579657,0.0,0.16781579999951646,55
80,blend,28,7,qpso cold,9.111218777579657,9.111218777579657,0.0,0.16955510000116192,55
80,blend,28,7,qpso big,9.799889794057712,9.111218777579657,7.558495008073959,1.24288830000296,55
80,blend,28,7,pso,9.111218777579657,9.111218777579657,0.0,0.13293240000348305,55
80,blend,28,7,ga,9.111218777579657,9.111218777579657,0.0,0.35082210000109626,55
80,blend,29,10,dijkstra,10.737405227297389,10.737405227297389,0.0,0.0005246000000624917,0
80,blend,29,10,qpso,10.905700624032097,10.737405227297389,1.5673749213343966,0.16584590000275057,57
80,blend,29,10,qpso cold,11.5786592967552,10.737405227297389,7.834798553742908,0.18421669999952428,57
80,blend,29,10,qpso big,10.905700624032097,10.737405227297389,1.5673749213343966,0.6788414000038756,57
80,blend,29,10,pso,11.478968048327534,10.737405227297389,6.90635032703145,0.15869150000071386,57
80,blend,29,10,ga,10.905700624032097,10.737405227297389,1.5673749213343966,0.3876758999977028,57
80,blend,30,5,dijkstra,4.993609280763371,4.993609280763371,0.0,0.00033769999572541565,0
80,blend,30,5,qpso,4.993609280763371,4.993609280763371,0.0,0.08096780000050785,19
80,blend,30,5,qpso cold,4.993609280763371,4.993609280763371,0.0,0.09547330000350485,19
80,blend,30,5,qpso big,4.993609280763371,4.993609280763371,0.0,0.3960127999962424,19
80,blend,30,5,pso,4.993609280763371,4.993609280763371,0.0,0.12145629999577068,19
80,blend,30,5,ga,4.993609280763371,4.993609280763371,0.0,0.38523809999605874,19
80,blend,31,8,dijkstra,10.202097423215026,10.202097423215026,0.0,0.0005106999960844405,0
80,blend,31,8,qpso,10.202097423215026,10.202097423215026,0.0,0.13492380000388948,70
80,blend,31,8,qpso cold,10.202097423215026,10.202097423215026,0.0,0.13597740000113845,70
80,blend,31,8,qpso big,10.202097423215026,10.202097423215026,0.0,0.7255599000054644,70
80,blend,31,8,pso,10.202097423215026,10.202097423215026,0.0,0.16421190000255592,70
80,blend,31,8,ga,10.202097423215026,10.202097423215026,0.0,0.35873200000060024,70
80,blend,32,6,dijkstra,7.990531386669542,7.990531386669542,0.0,0.00013870000111637637,0
80,blend,32,6,qpso,7.990531386669542,7.990531386669542,0.0,0.09478500000113854,19
80,blend,32,6,qpso cold,7.990531386669542,7.990531386669542,0.0,0.07338979999622097,19
80,blend,32,6,qpso big,7.990531386669542,7.990531386669542,0.0,0.4237762000047951,19
80,blend,32,6,pso,7.990531386669542,7.990531386669542,0.0,0.07529929999873275,19
80,blend,32,6,ga,7.990531386669542,7.990531386669542,0.0,0.3737646000008681,19
80,blend,33,9,dijkstra,7.495732854845578,7.495732854845578,0.0,0.00023119999968912452,0
80,blend,33,9,qpso,7.495732854845578,7.495732854845578,0.0,0.13771199999609962,27
80,blend,33,9,qpso cold,7.495732854845578,7.495732854845578,0.0,0.1567508000007365,27
80,blend,33,9,qpso big,7.495732854845578,7.495732854845578,0.0,0.6441465999960201,27
80,blend,33,9,pso,8.077519352941458,7.495732854845578,7.761569273640633,0.10870910000085132,27
80,blend,33,9,ga,7.735761785524657,7.495732854845578,3.202207647033656,0.3225587000051746,27
80,blend,34,9,dijkstra,11.874842345746856,11.874842345746856,0.0,0.0005428000004030764,0
80,blend,34,9,qpso,11.874842345746856,11.874842345746856,0.0,0.17251650000252994,75
80,blend,34,9,qpso cold,15.392628277927615,11.874842345746856,29.623853772178325,0.3934186000042246,75
80,blend,34,9,qpso big,11.874842345746856,11.874842345746856,0.0,0.7672000999955344,75
80,blend,34,9,pso,12.194729710219015,11.874842345746856,2.6938240960035222,0.15946010000334354,75
80,blend,34,9,ga,12.318573560687064,11.874842345746856,3.736733524711898,0.42639210000197636,75
80,blend,35,6,dijkstra,5.461862729407808,5.461862729407808,0.0,0.0001638999965507537,0
80,blend,35,6,qpso,5.461862729407808,5.461862729407808,0.0,0.08951340000203345,26
80,blend,35,6,qpso cold,5.461862729407808,5.461862729407808,0.0,0.11143040000024484,26
80,blend,35,6,qpso big,5.461862729407808,5.461862729407808,0.0,0.5038454999958049,26
80,blend,35,6,pso,6.499125534792955,5.461862729407808,18.991008320299006,0.07392400000389898,26
80,blend,35,6,ga,5.461862729407808,5.461862729407808,0.0,0.3717610000021523,26
80,blend,36,8,dijkstra,10.21228587410359,10.21228587410359,0.0,0.00043369999912101775,0
80,blend,36,8,qpso,10.21228587410359,10.21228587410359,0.0,0.25606589999370044,56
80,blend,36,8,qpso cold,10.21228587410359,10.21228587410359,0.0,0.25244490000477526,56
80,blend,36,8,qpso big,10.21228587410359,10.21228587410359,0.0,1.2960804999966058,56
80,blend,36,8,pso,10.21228587410359,10.21228587410359,0.0,0.2879023999994388,56
80,blend,36,8,ga,10.21228587410359,10.21228587410359,0.0,0.5057922999985749,56
80,blend,37,9,dijkstra,11.232088598746405,11.232088598746405,0.0,0.00043870000081369653,0
80,blend,37,9,qpso,11.232088598746405,11.232088598746405,0.0,0.15962450000370154,75
80,blend,37,9,qpso cold,13.479279417657025,11.232088598746405,20.006882951060646,0.17184749999432825,75
80,blend,37,9,qpso big,11.456442188577498,11.232088598746405,1.9974342960233846,0.7983343999949284,75
80,blend,37,9,pso,11.232088598746405,11.232088598746405,0.0,0.1719121999994968,75
80,blend,37,9,ga,11.232088598746405,11.232088598746405,0.0,0.36630280000099447,75
80,blend,38,8,dijkstra,7.966096540616116,7.966096540616116,0.0,0.0004287999981897883,0
80,blend,38,8,qpso,7.966096540616116,7.966096540616116,0.0,0.2448618999987957,44
80,blend,38,8,qpso cold,7.966096540616116,7.966096540616116,0.0,0.20473009999841452,44
80,blend,38,8,qpso big,7.966096540616116,7.966096540616116,0.0,0.8063913000005414,44
80,blend,38,8,pso,7.966096540616116,7.966096540616116,0.0,0.14423710000119172,44
80,blend,38,8,ga,7.966096540616116,7.966096540616116,0.0,0.5315816000002087,44
80,blend,39,7,dijkstra,8.65188200451848,8.65188200451848,0.0,0.0002505000011296943,0
80,blend,39,7,qpso,8.65188200451848,8.65188200451848,0.0,0.14006109999900218,37
80,blend,39,7,qpso cold,8.65188200451848,8.65188200451848,0.0,0.14628539999830537,37
80,blend,39,7,qpso big,8.65188200451848,8.65188200451848,0.0,0.6083698000002187,37
80,blend,39,7,pso,8.65188200451848,8.65188200451848,0.0,0.09698790000402369,37
80,blend,39,7,ga,9.28084294616157,8.65188200451848,7.269643082448565,0.3675454999975045,37
80,blend,40,8,dijkstra,11.368277554744814,11.368277554744814,0.0,0.00036389999877428636,0
80,blend,40,8,qpso,11.368277554744814,11.368277554744814,0.0,0.20827100000315113,53
80,blend,40,8,qpso cold,13.413558350963513,11.368277554744814,17.99112298560174,0.17983999999705702,53
80,blend,40,8,qpso big,11.368277554744814,11.368277554744814,0.0,1.1408204000035767,53
80,blend,40,8,pso,11.368277554744814,11.368277554744814,0.0,0.14615040000353474,53
80,blend,40,8,ga,11.368277554744814,11.368277554744814,0.0,0.4226847000027192,53
80,blend,41,7,dijkstra,8.119130629792826,8.119130629792826,0.0,0.0002877000006265007,0
80,blend,41,7,qpso,8.119130629792826,8.119130629792826,0.0,0.18817700000363402,39
80,blend,41,7,qpso cold,8.119130629792826,8.119130629792826,0.0,0.18836170000577113,39
80,blend,41,7,qpso big,8.119130629792826,8.119130629792826,0.0,0.7721085000011954,39
80,blend,41,7,pso,8.260644176838571,8.119130629792826,1.7429642839649242,0.18426909999834606,39
80,blend,41,7,ga,8.260644176838571,8.119130629792826,1.7429642839649242,0.34852890000183834,39
80,blend,42,7,dijkstra,7.589640588543291,7.589640588543291,0.0,0.00037059999885968864,0
80,blend,42,7,qpso,7.589640588543291,7.589640588543291,0.0,0.12728149999747984,37
80,blend,42,7,qpso cold,7.589640588543291,7.589640588543291,0.0,0.17123970000102418,37
80,blend,42,7,qpso big,7.589640588543291,7.589640588543291,0.0,1.3736452999946778,37
80,blend,42,7,pso,7.589640588543291,7.589640588543291,0.0,0.13680070000555133,37
80,blend,42,7,ga,7.589640588543291,7.589640588543291,0.0,0.3630099000001792,37
80,blend,43,5,dijkstra,6.667988321172576,6.667988321172576,0.0,0.00025599999935366213,0
80,blend,43,5,qpso,6.667988321172576,6.667988321172576,0.0,0.0681200999970315,11
80,blend,43,5,qpso cold,6.667988321172576,6.667988321172576,0.0,0.07808359999762615,11
80,blend,43,5,qpso big,6.667988321172576,6.667988321172576,0.0,0.3130357999980333,11
80,blend,43,5,pso,6.667988321172576,6.667988321172576,0.0,0.06067159999656724,11
80,blend,43,5,ga,6.667988321172576,6.667988321172576,0.0,0.32431029999861494,11
80,blend,44,5,dijkstra,7.446792919025574,7.446792919025574,0.0,0.00030870000045979396,0
80,blend,44,5,qpso,7.446792919025574,7.446792919025574,0.0,0.1228350999954273,46
80,blend,44,5,qpso cold,7.446792919025574,7.446792919025574,0.0,0.1570653999951901,46
80,blend,44,5,qpso big,7.446792919025574,7.446792919025574,0.0,0.5646101999955135,46
80,blend,44,5,pso,7.446792919025574,7.446792919025574,0.0,0.10263340000528842,46
80,blend,44,5,ga,7.446792919025574,7.446792919025574,0.0,0.3264153000054648,46
80,blend,45,7,dijkstra,8.119130629792826,8.119130629792826,0.0,0.00048579999565845355,0
80,blend,45,7,qpso,8.119130629792826,8.119130629792826,0.0,0.16181119999964722,39
80,blend,45,7,qpso cold,8.119130629792826,8.119130629792826,0.0,0.2545707000026596,39
80,blend,45,7,qpso big,8.119130629792826,8.119130629792826,0.0,0.6626812999966205,39
80,blend,45,7,pso,8.119130629792826,8.119130629792826,0.0,0.13155040000128793,39
80,blend,45,7,ga,8.119130629792826,8.119130629792826,0.0,0.33417849999386817,39
80,blend,46,7,dijkstra,8.734955671810091,8.734955671810091,0.0,0.00032669999927747995,0
80,blend,46,7,qpso,9.311191189216265,8.734955671810091,6.596891146978926,0.18268520000128774,48
80,blend,46,7,qpso cold,9.311191189216265,8.734955671810091,6.596891146978926,0.18911690000095405,48
80,blend,46,7,qpso big,8.734955671810091,8.734955671810091,0.0,0.8283838999996078,48
80,blend,46,7,pso,8.734955671810091,8.734955671810091,0.0,0.14948749999894062,48
80,blend,46,7,ga,8.734955671810091,8.734955671810091,0.0,0.2410228000007919,48
80,blend,47,4,dijkstra,4.595611155182045,4.595611155182045,0.0,0.00018759999511530623,0
80,blend,47,4,qpso,4.595611155182045,4.595611155182045,0.0,0.08454759999585804,22
80,blend,47,4,qpso cold,4.595611155182045,4.595611155182045,0.0,0.10967040000105044,22
80,blend,47,4,qpso big,4.595611155182045,4.595611155182045,0.0,0.4050381999986712,22
80,blend,47,4,pso,4.595611155182045,4.595611155182045,0.0,0.07836060000408906,22
80,blend,47,4,ga,4.595611155182045,4.595611155182045,0.0,0.2717786000066553,22
80,blend,48,10,dijkstra,10.723516685905363,10.723516685905363,0.0,0.0003104999996139668,0
80,blend,48,10,qpso,10.723516685905363,10.723516685905363,0.0,0.1988299999939045,69
80,blend,48,10,qpso cold,11.167247900845572,10.723516685905363,4.137926278638004,0.1865414999992936,69
80,blend,48,10,qpso big,10.723516685905363,10.723516685905363,0.0,0.7268525999970734,69
80,blend,48,10,pso,10.946441614960966,10.723516685905363,2.0788416298974774,0.14124920000176644,69
80,blend,48,10,ga,10.946441614960966,10.723516685905363,2.0788416298974774,0.29017140000360087,69
80,blend,49,8,dijkstra,7.98675485661829,7.98675485661829,0.0,0.00034550000418676063,0
80,blend,49,8,qpso,7.98675485661829,7.98675485661829,0.0,0.17025559999456163,42
80,blend,49,8,qpso cold,7.98675485661829,7.98675485661829,0.0,0.1524786000009044,42
80,blend,49,8,qpso big,7.98675485661829,7.98675485661829,0.0,0.5608896999983699,42
80,blend,49,8,pso,7.98675485661829,7.98675485661829,0.0,0.08294800000294344,42
80,blend,49,8,ga,7.98675485661829,7.98675485661829,0.0,0.33116919999883976,42
